날짜,매체,카테고리,상품명,노출수,클릭수,전환수,광고비용,매출액,CTR,전환율,ROAS,주요구매연령,주요구매성별
2025-09-01,쿠빵,간편식,즉석밥세트,32087621,1657101,161763,26681000,13536873,5.16,9.76,0.51,20대,남성
2025-09-01,쿠빵,간편식,냉동만두,6485254,226942,13654,6559000,3780419,3.5,6.02,0.58,20대,여성
2025-09-01,쿠빵,건강식품,프로틴바,14004063,438943,23753,11147000,18393069,3.13,5.41,1.65,30대,남성
2025-09-01,쿠빵,건강식품,오메가3,9529596,162401,7010,7656000,2928968,1.7,4.32,0.38,30대,여성
2025-09-01,쿠빵,신선식품,샐러드키트,17257075,313446,13438,16694000,37647578,1.82,4.29,2.26,40대,남성
2025-09-01,쿠빵,신선식품,프리미엄과일,31036352,1326052,86010,24130000,2499378,4.27,6.49,0.1,40대,여성
2025-09-01,네이바,간편식,즉석밥세트,15334489,480618,28609,12932000,446371,3.13,5.95,0.03,50대,남성
2025-09-01,네이바,간편식,냉동만두,6571931,156242,7461,4440000,216244,2.38,4.78,0.05,50대,여성
2025-09-01,네이바,건강식품,프로틴바,8814457,201879,11254,6988000,5490278,2.29,5.58,0.79,20대,남성
2025-09-01,네이바,건강식품,오메가3,5064345,158001,8789,4804000,1354267,3.12,5.56,0.28,20대,여성
2025-09-01,네이바,신선식품,샐러드키트,6896497,237109,17261,7310000,30586590,3.44,7.28,4.18,30대,남성
2025-09-01,네이바,신선식품,프리미엄과일,21515253,1255902,118953,16676000,2804187,5.84,9.47,0.17,30대,여성
2025-09-01,아마존,간편식,즉석밥세트,2990281,211717,28721,3087000,142410,7.08,13.57,0.05,40대,남성
2025-09-01,아마존,간편식,냉동만두,2588717,101255,8786,2988000,120794,3.91,8.68,0.04,40대,여성
2025-09-01,아마존,건강식품,프로틴바,8612865,688063,101617,9749000,34319443,7.99,14.77,3.52,50대,남성
2025-09-01,아마존,건강식품,오메가3,10093804,680839,110974,8717000,7217214,6.75,16.3,0.83,50대,여성
2025-09-01,아마존,신선식품,샐러드키트,2496518,90339,7538,2568000,684092,3.62,8.34,0.27,20대,남성
2025-09-01,아마존,신선식품,프리미엄과일,7081855,302194,35318,6117000,69051,4.27,11.69,0.01,20대,여성
2025-09-01,컬삼,간편식,즉석밥세트,17910780,769454,54669,13214000,2750309,4.3,7.1,0.21,30대,남성
2025-09-01,컬삼,간편식,냉동만두,4063515,134137,8079,2951000,515148,3.3,6.02,0.17,30대,여성
2025-09-01,컬삼,건강식품,프로틴바,16853519,493919,35046,11219000,28100674,2.93,7.1,2.5,40대,남성
2025-09-01,컬삼,건강식품,오메가3,10613094,290741,20151,10168000,6666082,2.74,6.93,0.66,40대,여성
2025-09-01,컬삼,신선식품,샐러드키트,6428038,196191,12275,6256000,6924222,3.05,6.26,1.11,50대,남성
2025-09-01,컬삼,신선식품,프리미엄과일,4388185,142045,9417,4544000,123240,3.24,6.63,0.03,50대,여성
2025-09-02,쿠빵,간편식,즉석밥세트,47003815,1456275,136178,36247000,22460684,3.1,9.35,0.62,20대,남성
2025-09-02,쿠빵,간편식,냉동만두,17303038,446265,26736,12557000,6982167,2.58,5.99,0.56,20대,여성
2025-09-02,쿠빵,건강식품,프로틴바,9229856,253174,10408,7994000,17271339,2.74,4.11,2.16,30대,남성
2025-09-02,쿠빵,건강식품,오메가3,6730577,166811,8285,6057000,2124398,2.48,4.97,0.35,30대,여성
2025-09-02,쿠빵,신선식품,샐러드키트,20565569,469426,24608,18867000,42965081,2.28,5.24,2.28,40대,남성
2025-09-02,쿠빵,신선식품,프리미엄과일,33985654,985925,69320,22921000,2364219,2.9,7.03,0.1,40대,여성
2025-09-02,네이바,간편식,즉석밥세트,17256029,488560,27162,12322000,432803,2.83,5.56,0.04,50대,남성
2025-09-02,네이바,간편식,냉동만두,11782470,357151,17543,11497000,633499,3.03,4.91,0.06,50대,여성
2025-09-02,네이바,건강식품,프로틴바,6818339,173688,9261,8237000,7155675,2.55,5.33,0.87,20대,남성
2025-09-02,네이바,건강식품,오메가3,26598101,916767,71166,17695000,4228723,3.45,7.76,0.24,20대,여성
2025-09-02,네이바,신선식품,샐러드키트,12043017,379470,20094,9651000,40264408,3.15,5.3,4.17,30대,남성
2025-09-02,네이바,신선식품,프리미엄과일,25906444,1230109,130674,18023000,3344733,4.75,10.62,0.19,30대,여성
2025-09-02,아마존,간편식,즉석밥세트,10884972,720582,85933,10209000,465974,6.62,11.93,0.05,40대,남성
2025-09-02,아마존,간편식,냉동만두,7437976,288443,25164,5470000,220737,3.88,8.72,0.04,40대,여성
2025-09-02,아마존,건강식품,프로틴바,15022831,824288,141983,12130000,38308018,5.49,17.23,3.16,50대,남성
2025-09-02,아마존,건강식품,오메가3,10429832,833185,107136,9253000,7082602,7.99,12.86,0.77,50대,여성
2025-09-02,아마존,신선식품,샐러드키트,6742197,189284,10649,4926000,1308734,2.81,5.63,0.27,20대,남성
2025-09-02,아마존,신선식품,프리미엄과일,2865700,139136,12010,2573000,30391,4.86,8.63,0.01,20대,여성
2025-09-02,컬삼,간편식,즉석밥세트,7318086,284041,24301,6643000,1126336,3.88,8.56,0.17,30대,남성
2025-09-02,컬삼,간편식,냉동만두,5942869,190229,9697,5534000,900113,3.2,5.1,0.16,30대,여성
2025-09-02,컬삼,건강식품,프로틴바,5029898,143474,10107,4165000,11347898,2.85,7.04,2.72,40대,남성
2025-09-02,컬삼,건강식품,오메가3,7233872,211693,17835,5712000,4501412,2.93,8.43,0.79,40대,여성
2025-09-02,컬삼,신선식품,샐러드키트,5480611,168754,11803,4129000,4073190,3.08,6.99,0.99,50대,남성
2025-09-02,컬삼,신선식품,프리미엄과일,8372965,261880,16732,5816000,147677,3.13,6.39,0.03,50대,여성
2025-09-03,쿠빵,간편식,즉석밥세트,29292616,1405294,122707,27854000,15022842,4.8,8.73,0.54,20대,남성
2025-09-03,쿠빵,간편식,냉동만두,17557483,514668,31051,13392000,7104964,2.93,6.03,0.53,20대,여성
2025-09-03,쿠빵,건강식품,프로틴바,19445367,633433,37275,13508000,26826533,3.26,5.88,1.99,30대,남성
2025-09-03,쿠빵,건강식품,오메가3,9482732,175198,6993,7825000,2787427,1.85,3.99,0.36,30대,여성
2025-09-03,쿠빵,신선식품,샐러드키트,13056432,236963,9839,9816000,23662169,1.81,4.15,2.41,40대,남성
2025-09-03,쿠빵,신선식품,프리미엄과일,47298437,1351652,98720,31789000,2849056,2.86,7.3,0.09,40대,여성
2025-09-03,네이바,간편식,즉석밥세트,10689098,330954,19834,10850000,406283,3.1,5.99,0.04,50대,남성
2025-09-03,네이바,간편식,냉동만두,13870500,357611,21226,10430000,570064,2.58,5.94,0.05,50대,여성
2025-09-03,네이바,건강식품,프로틴바,4418416,82665,4564,4890000,3757419,1.87,5.52,0.77,20대,남성
2025-09-03,네이바,건강식품,오메가3,22005474,834053,59823,14725000,4716110,3.79,7.17,0.32,20대,여성
2025-09-03,네이바,신선식품,샐러드키트,9380908,347739,21202,6891000,30660052,3.71,6.1,4.45,30대,남성
2025-09-03,네이바,신선식품,프리미엄과일,18980294,940907,89824,14846000,2068229,4.96,9.55,0.14,30대,여성
2025-09-03,아마존,간편식,즉석밥세트,17433275,1058174,155303,11884000,590646,6.07,14.68,0.05,40대,남성
2025-09-03,아마존,간편식,냉동만두,8170269,275542,18971,5723000,229743,3.37,6.89,0.04,40대,여성
2025-09-03,아마존,건강식품,프로틴바,7854350,628015,83703,9246000,30794080,8.0,13.33,3.33,50대,남성
2025-09-03,아마존,건강식품,오메가3,11561305,922379,127409,10581000,8751237,7.98,13.81,0.83,50대,여성
2025-09-03,아마존,신선식품,샐러드키트,6580009,248379,16025,5711000,1493405,3.77,6.45,0.26,20대,남성
2025-09-03,아마존,신선식품,프리미엄과일,8663322,456948,39035,7702000,81715,5.27,8.54,0.01,20대,여성
2025-09-03,컬삼,간편식,즉석밥세트,7495120,308402,30173,6810000,1314600,4.11,9.78,0.19,30대,남성
2025-09-03,컬삼,간편식,냉동만두,2907213,70466,4048,3322000,658515,2.42,5.74,0.2,30대,여성
2025-09-03,컬삼,건강식품,프로틴바,5542645,170178,14184,6690000,18272538,3.07,8.34,2.73,40대,남성
2025-09-03,컬삼,건강식품,오메가3,8738129,272220,22681,6204000,3872717,3.12,8.33,0.62,40대,여성
2025-09-03,컬삼,신선식품,샐러드키트,7912406,255002,16682,5293000,4819426,3.22,6.54,0.91,50대,남성
2025-09-03,컬삼,신선식품,프리미엄과일,11077034,318771,17237,12421000,363048,2.88,5.41,0.03,50대,여성
2025-09-04,쿠빵,간편식,즉석밥세트,44752464,1800442,161723,35569000,22463726,4.02,8.98,0.63,20대,남성
2025-09-04,쿠빵,간편식,냉동만두,12429966,252581,16065,12715000,6672571,2.03,6.36,0.52,20대,여성
2025-09-04,쿠빵,건강식품,프로틴바,26126796,743795,31282,19418000,32943704,2.85,4.21,1.7,30대,남성
2025-09-04,쿠빵,건강식품,오메가3,11152340,194379,9635,10747000,3367205,1.74,4.96,0.31,30대,여성
2025-09-04,쿠빵,신선식품,샐러드키트,29458652,839034,28587,20870000,42426007,2.85,3.41,2.03,40대,남성
2025-09-04,쿠빵,신선식품,프리미엄과일,18846089,537770,33221,20281000,1799947,2.85,6.18,0.09,40대,여성
2025-09-04,네이바,간편식,즉석밥세트,9224365,187340,7560,6765000,263950,2.03,4.04,0.04,50대,남성
2025-09-04,네이바,간편식,냉동만두,5535349,132213,5841,6564000,296778,2.39,4.42,0.05,50대,여성
2025-09-04,네이바,건강식품,프로틴바,10132292,233284,11817,8869000,7758570,2.3,5.07,0.87,20대,남성
2025-09-04,네이바,건강식품,오메가3,9817939,321032,17101,8449000,2561874,3.27,5.33,0.3,20대,여성
2025-09-04,네이바,신선식품,샐러드키트,18470705,473782,34821,13022000,57580831,2.57,7.35,4.42,30대,남성
2025-09-04,네이바,신선식품,프리미엄과일,22278305,1065035,126080,26223000,4370345,4.78,11.84,0.17,30대,여성
2025-09-04,아마존,간편식,즉석밥세트,7760588,434143,60639,6732000,326154,5.59,13.97,0.05,40대,남성
2025-09-04,아마존,간편식,냉동만두,4107984,127344,9009,3323000,148436,3.1,7.07,0.04,40대,여성
2025-09-04,아마존,건강식품,프로틴바,16875234,1025178,161962,14133000,43984451,6.08,15.8,3.11,50대,남성
2025-09-04,아마존,건강식품,오메가3,10099694,831597,126264,8959000,6937454,8.23,15.18,0.77,50대,여성
2025-09-04,아마존,신선식품,샐러드키트,2969285,76870,5815,2107000,586906,2.59,7.56,0.28,20대,남성
2025-09-04,아마존,신선식품,프리미엄과일,2590193,130491,14201,2701000,30892,5.04,10.88,0.01,20대,여성
2025-09-04,컬삼,간편식,즉석밥세트,6184371,206727,15206,5485000,972018,3.34,7.36,0.18,30대,남성
2025-09-04,컬삼,간편식,냉동만두,11404433,268799,15537,8930000,1559563,2.36,5.78,0.17,30대,여성
2025-09-04,컬삼,건강식품,프로틴바,10142886,278383,22933,11866000,30912023,2.74,8.24,2.61,40대,남성
2025-09-04,컬삼,건강식품,오메가3,10599360,282882,15355,7973000,5945365,2.67,5.43,0.75,40대,여성
2025-09-04,컬삼,신선식품,샐러드키트,4752269,145782,9733,3946000,4812208,3.07,6.68,1.22,50대,남성
2025-09-04,컬삼,신선식품,프리미엄과일,9090005,231493,13731,7114000,205373,2.55,5.93,0.03,50대,여성
2025-09-05,쿠빵,간편식,즉석밥세트,59630444,2953619,273055,39965000,24598879,4.95,9.24,0.62,20대,남성
2025-09-05,쿠빵,간편식,냉동만두,16575504,418940,24020,17300000,9086923,2.53,5.73,0.53,20대,여성
2025-09-05,쿠빵,건강식품,프로틴바,36806037,859924,37188,26189000,51975909,2.34,4.32,1.98,30대,남성
2025-09-05,쿠빵,건강식품,오메가3,24811484,585037,25108,17998000,5921091,2.36,4.29,0.33,30대,여성
2025-09-05,쿠빵,신선식품,샐러드키트,7321631,215442,11821,5896000,14642251,2.94,5.49,2.48,40대,남성
2025-09-05,쿠빵,신선식품,프리미엄과일,38471915,1019965,89995,27587000,2836094,2.65,8.82,0.1,40대,여성
2025-09-05,네이바,간편식,즉석밥세트,12045748,266993,15182,11733000,402044,2.22,5.69,0.03,50대,남성
2025-09-05,네이바,간편식,냉동만두,12170883,244309,14872,10069000,471762,2.01,6.09,0.05,50대,여성
2025-09-05,네이바,건강식품,프로틴바,5048079,95861,4629,6082000,4773014,1.9,4.83,0.78,20대,남성
2025-09-05,네이바,건강식품,오메가3,14815204,418188,26176,14116000,4239429,2.82,6.26,0.3,20대,여성
2025-09-05,네이바,신선식품,샐러드키트,7806965,279676,20501,6452000,23862042,3.58,7.33,3.7,30대,남성
2025-09-05,네이바,신선식품,프리미엄과일,20831411,805836,66145,16723000,2393732,3.87,8.21,0.14,30대,여성
2025-09-05,아마존,간편식,즉석밥세트,8516463,447750,61977,7391000,367417,5.26,13.84,0.05,40대,남성
2025-09-05,아마존,간편식,냉동만두,7034052,241928,22660,7910000,332445,3.44,9.37,0.04,40대,여성
2025-09-05,아마존,건강식품,프로틴바,15135618,923233,148372,13125000,42953029,6.1,16.07,3.27,50대,남성
2025-09-05,아마존,건강식품,오메가3,7993955,430574,61880,6483000,5254494,5.39,14.37,0.81,50대,여성
2025-09-05,아마존,신선식품,샐러드키트,3834616,110129,6818,4232000,1086178,2.87,6.19,0.26,20대,남성
2025-09-05,아마존,신선식품,프리미엄과일,4970145,206571,16589,3715000,40294,4.16,8.03,0.01,20대,여성
2025-09-05,컬삼,간편식,즉석밥세트,18340520,654813,57719,15766000,2479567,3.57,8.81,0.16,30대,남성
2025-09-05,컬삼,간편식,냉동만두,16230521,512393,24165,11435000,2342035,3.16,4.72,0.2,30대,여성
2025-09-05,컬삼,건강식품,프로틴바,9665707,248785,20479,6808000,15255515,2.57,8.23,2.24,40대,남성
2025-09-05,컬삼,건강식품,오메가3,11588777,380237,28564,10486000,7112358,3.28,7.51,0.68,40대,여성
2025-09-05,컬삼,신선식품,샐러드키트,13181871,319664,18666,9573000,8782167,2.43,5.84,0.92,50대,남성
2025-09-05,컬삼,신선식품,프리미엄과일,4310896,146502,11344,4944000,160401,3.4,7.74,0.03,50대,여성
2025-09-06,쿠빵,간편식,즉석밥세트,39749611,1410102,121972,33664000,21241009,3.55,8.65,0.63,20대,남성
2025-09-06,쿠빵,간편식,냉동만두,18705617,461170,23144,17889000,8862223,2.47,5.02,0.5,20대,여성
2025-09-06,쿠빵,건강식품,프로틴바,26717051,738920,32084,22814000,39227835,2.77,4.34,1.72,30대,남성
2025-09-06,쿠빵,건강식품,오메가3,18491844,350059,16230,13302000,5075778,1.89,4.64,0.38,30대,여성
2025-09-06,쿠빵,신선식품,샐러드키트,5540681,110882,4184,5834000,14374795,2.0,3.77,2.46,40대,남성
2025-09-06,쿠빵,신선식품,프리미엄과일,16449816,671550,52088,17583000,1787630,4.08,7.76,0.1,40대,여성
2025-09-06,네이바,간편식,즉석밥세트,5620016,145723,8467,4167000,168206,2.59,5.81,0.04,50대,남성
2025-09-06,네이바,간편식,냉동만두,18811950,584860,31317,14924000,725432,3.11,5.35,0.05,50대,여성
2025-09-06,네이바,건강식품,프로틴바,11509813,305868,14734,12548000,10588658,2.66,4.82,0.84,20대,남성
2025-09-06,네이바,건강식품,오메가3,17333469,548311,32396,17246000,4121212,3.16,5.91,0.24,20대,여성
2025-09-06,네이바,신선식품,샐러드키트,10737440,350148,20768,9495000,31369055,3.26,5.93,3.3,30대,남성
2025-09-06,네이바,신선식품,프리미엄과일,12387677,696350,54630,8703000,1232586,5.62,7.85,0.14,30대,여성
2025-09-06,아마존,간편식,즉석밥세트,13233223,813713,106081,11621000,591347,6.15,13.04,0.05,40대,남성
2025-09-06,아마존,간편식,냉동만두,9080051,392357,38631,8038000,342921,4.32,9.85,0.04,40대,여성
2025-09-06,아마존,건강식품,프로틴바,5334173,384354,53537,4646000,15981985,7.21,13.93,3.44,50대,남성
2025-09-06,아마존,건강식품,오메가3,13174346,716107,90379,9094000,6874407,5.44,12.62,0.76,50대,여성
2025-09-06,아마존,신선식품,샐러드키트,1947826,67200,4712,2087000,561309,3.45,7.01,0.27,20대,남성
2025-09-06,아마존,신선식품,프리미엄과일,9584000,419349,40918,8109000,87858,4.38,9.76,0.01,20대,여성
2025-09-06,컬삼,간편식,즉석밥세트,15644816,556842,39711,14208000,2217128,3.56,7.13,0.16,30대,남성
2025-09-06,컬삼,간편식,냉동만두,5693254,166392,11427,4481000,757432,2.92,6.87,0.17,30대,여성
2025-09-06,컬삼,건강식품,프로틴바,9014698,240737,17830,8900000,20173864,2.67,7.41,2.27,40대,남성
2025-09-06,컬삼,건강식품,오메가3,13924096,471625,38586,9729000,6978006,3.39,8.18,0.72,40대,여성
2025-09-06,컬삼,신선식품,샐러드키트,6580810,203958,10713,6210000,6284654,3.1,5.25,1.01,50대,남성
2025-09-06,컬삼,신선식품,프리미엄과일,15453679,500417,30296,12524000,460576,3.24,6.05,0.04,50대,여성
2025-09-07,쿠빵,간편식,즉석밥세트,32606646,1205323,92750,23737000,15341686,3.7,7.7,0.65,20대,남성
2025-09-07,쿠빵,간편식,냉동만두,15251852,458344,29732,11414000,6349573,3.01,6.49,0.56,20대,여성
2025-09-07,쿠빵,건강식품,프로틴바,20341194,567435,33694,18286000,36575863,2.79,5.94,2.0,30대,남성
2025-09-07,쿠빵,건강식품,오메가3,16122173,307598,10475,16726000,5493253,1.91,3.41,0.33,30대,여성
2025-09-07,쿠빵,신선식품,샐러드키트,8674482,201247,8004,9537000,24315820,2.32,3.98,2.55,40대,남성
2025-09-07,쿠빵,신선식품,프리미엄과일,23954308,1017252,56909,17619000,1530118,4.25,5.59,0.09,40대,여성
2025-09-07,네이바,간편식,즉석밥세트,16846619,515577,21090,16025000,658917,3.06,4.09,0.04,50대,남성
2025-09-07,네이바,간편식,냉동만두,11008785,237487,11646,11871000,637670,2.16,4.9,0.05,50대,여성
2025-09-07,네이바,건강식품,프로틴바,7584368,194133,10092,8157000,7328750,2.56,5.2,0.9,20대,남성
2025-09-07,네이바,건강식품,오메가3,12620292,393284,27644,12864000,3504229,3.12,7.03,0.27,20대,여성
2025-09-07,네이바,신선식품,샐러드키트,7778436,227705,16498,6875000,26067385,2.93,7.25,3.79,30대,남성
2025-09-07,네이바,신선식품,프리미엄과일,14524157,645787,71932,12676000,2121170,4.45,11.14,0.17,30대,여성
2025-09-07,아마존,간편식,즉석밥세트,9948158,547784,83948,6578000,333868,5.51,15.33,0.05,40대,남성
2025-09-07,아마존,간편식,냉동만두,7017402,242381,19628,5909000,249001,3.45,8.1,0.04,40대,여성
2025-09-07,아마존,건강식품,프로틴바,5813407,447671,75242,6381000,22390014,7.7,16.81,3.51,50대,남성
2025-09-07,아마존,건강식품,오메가3,7573160,543263,93684,6274000,4808445,7.17,17.24,0.77,50대,여성
2025-09-07,아마존,신선식품,샐러드키트,2174264,79018,6308,2141000,556947,3.63,7.98,0.26,20대,남성
2025-09-07,아마존,신선식품,프리미엄과일,6699098,271017,31495,7300000,84717,4.05,11.62,0.01,20대,여성
2025-09-07,컬삼,간편식,즉석밥세트,8415548,371935,25619,7422000,1307727,4.42,6.89,0.18,30대,남성
2025-09-07,컬삼,간편식,냉동만두,14361531,327443,15258,12273000,2084482,2.28,4.66,0.17,30대,여성
2025-09-07,컬삼,건강식품,프로틴바,11170375,426487,27187,13407000,32888768,3.82,6.37,2.45,40대,남성
2025-09-07,컬삼,건강식품,오메가3,6258067,226538,16559,4547000,3509243,3.62,7.31,0.77,40대,여성
2025-09-07,컬삼,신선식품,샐러드키트,7922377,217410,16208,6054000,5612759,2.74,7.46,0.93,50대,남성
2025-09-07,컬삼,신선식품,프리미엄과일,8684926,281968,17582,10629000,281708,3.25,6.24,0.03,50대,여성
2025-09-08,쿠빵,간편식,즉석밥세트,21121566,755271,73694,17542000,8865270,3.58,9.76,0.51,20대,남성
2025-09-08,쿠빵,간편식,냉동만두,10139137,283049,12266,9954000,5412565,2.79,4.33,0.54,20대,여성
2025-09-08,쿠빵,건강식품,프로틴바,37428274,775373,40780,27146000,48636330,2.07,5.26,1.79,30대,남성
2025-09-08,쿠빵,건강식품,오메가3,17988559,292262,14720,14524000,4905258,1.62,5.04,0.34,30대,여성
2025-09-08,쿠빵,신선식품,샐러드키트,13448601,316997,12733,14682000,28603273,2.36,4.02,1.95,40대,남성
2025-09-08,쿠빵,신선식품,프리미엄과일,34617053,1315059,80720,31173000,3016957,3.8,6.14,0.1,40대,여성
2025-09-08,네이바,간편식,즉석밥세트,12111921,254681,16144,14049000,548713,2.1,6.34,0.04,50대,남성
2025-09-08,네이바,간편식,냉동만두,7802124,203541,12969,6455000,321782,2.61,6.37,0.05,50대,여성
2025-09-08,네이바,건강식품,프로틴바,7025879,157635,7621,4644000,3631837,2.24,4.83,0.78,20대,남성
2025-09-08,네이바,건강식품,오메가3,12501328,315578,23244,11796000,3016789,2.52,7.37,0.26,20대,여성
2025-09-08,네이바,신선식품,샐러드키트,15642924,538489,39387,11691000,48572156,3.44,7.31,4.15,30대,남성
2025-09-08,네이바,신선식품,프리미엄과일,25870679,995957,99168,18559000,2904113,3.85,9.96,0.16,30대,여성
2025-09-08,아마존,간편식,즉석밥세트,13916742,915133,117283,10624000,493801,6.58,12.82,0.05,40대,남성
2025-09-08,아마존,간편식,냉동만두,9010062,392347,27521,6588000,283941,4.35,7.01,0.04,40대,여성
2025-09-08,아마존,건강식품,프로틴바,14569086,893132,109523,15228000,50021568,6.13,12.26,3.28,50대,남성
2025-09-08,아마존,건강식품,오메가3,7590884,611074,92225,4995000,3718327,8.05,15.09,0.74,50대,여성
2025-09-08,아마존,신선식품,샐러드키트,3781943,106069,8177,3977000,1098708,2.8,7.71,0.28,20대,남성
2025-09-08,아마존,신선식품,프리미엄과일,5463311,276535,31699,5196000,57145,5.06,11.46,0.01,20대,여성
2025-09-08,컬삼,간편식,즉석밥세트,21651114,769053,73505,16099000,2472332,3.55,9.56,0.15,30대,남성
2025-09-08,컬삼,간편식,냉동만두,6879542,184714,13707,5886000,1231603,2.68,7.42,0.21,30대,여성
2025-09-08,컬삼,건강식품,프로틴바,8325252,310406,21311,6005000,16455454,3.73,6.87,2.74,40대,남성
2025-09-08,컬삼,건강식품,오메가3,12582508,333515,23840,8977000,6446557,2.65,7.15,0.72,40대,여성
2025-09-08,컬삼,신선식품,샐러드키트,10507937,292693,14799,8167000,9016520,2.79,5.06,1.1,50대,남성
2025-09-08,컬삼,신선식품,프리미엄과일,8658496,270417,16667,6623000,189298,3.12,6.16,0.03,50대,여성
2025-09-09,쿠빵,간편식,즉석밥세트,20341323,629624,62428,19066000,10487602,3.1,9.92,0.55,20대,남성
2025-09-09,쿠빵,간편식,냉동만두,40892652,986262,68447,27412000,15988903,2.41,6.94,0.58,20대,여성
2025-09-09,쿠빵,건강식품,프로틴바,23516626,695214,35385,16953000,28293523,2.96,5.09,1.67,30대,남성
2025-09-09,쿠빵,건강식품,오메가3,24457977,629031,20891,19579000,7037700,2.57,3.32,0.36,30대,여성
2025-09-09,쿠빵,신선식품,샐러드키트,22526706,392948,14033,16427000,40117814,1.74,3.57,2.44,40대,남성
2025-09-09,쿠빵,신선식품,프리미엄과일,13629554,456122,33808,10924000,1037841,3.35,7.41,0.1,40대,여성
2025-09-09,네이바,간편식,즉석밥세트,22784197,715102,34988,16746000,657019,3.14,4.89,0.04,50대,남성
2025-09-09,네이바,간편식,냉동만두,18819972,495972,24576,14707000,744475,2.64,4.96,0.05,50대,여성
2025-09-09,네이바,건강식품,프로틴바,16815720,314306,15856,14344000,10684297,1.87,5.04,0.74,20대,남성
2025-09-09,네이바,건강식품,오메가3,19875585,664343,38434,19837000,5312694,3.34,5.79,0.27,20대,여성
2025-09-09,네이바,신선식품,샐러드키트,27396817,1094378,64094,18629000,70682671,3.99,5.86,3.79,30대,남성
2025-09-09,네이바,신선식품,프리미엄과일,13466362,542146,61466,11822000,1950992,4.03,11.34,0.17,30대,여성
2025-09-09,아마존,간편식,즉석밥세트,10892584,621671,67491,8357000,427604,5.71,10.86,0.05,40대,남성
2025-09-09,아마존,간편식,냉동만두,3151769,110888,8850,3653000,161853,3.52,7.98,0.04,40대,여성
2025-09-09,아마존,건강식품,프로틴바,11475917,909351,155573,8661000,28772337,7.92,17.11,3.32,50대,남성
2025-09-09,아마존,건강식품,오메가3,5460141,391115,65559,4627000,3877466,7.16,16.76,0.84,50대,여성
2025-09-09,아마존,신선식품,샐러드키트,5424793,148171,8873,3927000,1024247,2.73,5.99,0.26,20대,남성
2025-09-09,아마존,신선식품,프리미엄과일,14457086,666188,63125,10393000,109164,4.61,9.48,0.01,20대,여성
2025-09-09,컬삼,간편식,즉석밥세트,8538392,334527,21225,8227000,1517464,3.92,6.34,0.18,30대,남성
2025-09-09,컬삼,간편식,냉동만두,15754807,481896,29285,11528000,2499614,3.06,6.08,0.22,30대,여성
2025-09-09,컬삼,건강식품,프로틴바,11772292,311263,26165,9225000,28577009,2.64,8.41,3.1,40대,남성
2025-09-09,컬삼,건강식품,오메가3,12797174,437297,27424,8858000,5714730,3.42,6.27,0.65,40대,여성
2025-09-09,컬삼,신선식품,샐러드키트,21470617,680136,36606,14238000,17168901,3.17,5.38,1.21,50대,남성
2025-09-09,컬삼,신선식품,프리미엄과일,13291653,464258,23107,14671000,442255,3.49,4.98,0.03,50대,여성
2025-09-10,쿠빵,간편식,즉석밥세트,39277837,1323851,98653,29654000,15345488,3.37,7.45,0.52,20대,남성
2025-09-10,쿠빵,간편식,냉동만두,33290413,1135654,75915,23405000,11425004,3.41,6.68,0.49,20대,여성
2025-09-10,쿠빵,건강식품,프로틴바,9860570,291141,16456,10872000,19180645,2.95,5.65,1.76,30대,남성
2025-09-10,쿠빵,건강식품,오메가3,9881537,207528,8572,10533000,3398596,2.1,4.13,0.32,30대,여성
2025-09-10,쿠빵,신선식품,샐러드키트,32915243,624269,31711,24690000,62853709,1.9,5.08,2.55,40대,남성
2025-09-10,쿠빵,신선식품,프리미엄과일,37293840,1582352,117064,26485000,2694727,4.24,7.4,0.1,40대,여성
2025-09-10,네이바,간편식,즉석밥세트,13809484,283723,15716,11223000,352182,2.05,5.54,0.03,50대,남성
2025-09-10,네이바,간편식,냉동만두,17688304,516560,25827,13872000,719443,2.92,5.0,0.05,50대,여성
2025-09-10,네이바,건강식품,프로틴바,6591798,158764,6522,4387000,3555469,2.41,4.11,0.81,20대,남성
2025-09-10,네이바,건강식품,오메가3,15192200,563179,39732,14737000,4074842,3.71,7.05,0.28,20대,여성
2025-09-10,네이바,신선식품,샐러드키트,15656121,405473,25621,13442000,44692887,2.59,6.32,3.32,30대,남성
2025-09-10,네이바,신선식품,프리미엄과일,38135444,1950622,173734,28621000,4280443,5.11,8.91,0.15,30대,여성
2025-09-10,아마존,간편식,즉석밥세트,4657797,316172,48917,5108000,255919,6.79,15.47,0.05,40대,남성
2025-09-10,아마존,간편식,냉동만두,10155469,399090,31468,8813000,366837,3.93,7.88,0.04,40대,여성
2025-09-10,아마존,건강식품,프로틴바,5103396,305885,38482,4973000,15918880,5.99,12.58,3.2,50대,남성
2025-09-10,아마존,건강식품,오메가3,8988670,637847,86043,6250000,4878681,7.1,13.49,0.78,50대,여성
2025-09-10,아마존,신선식품,샐러드키트,5442053,158277,11423,5220000,1368819,2.91,7.22,0.26,20대,남성
2025-09-10,아마존,신선식품,프리미엄과일,9533074,428657,43118,8107000,94083,4.5,10.06,0.01,20대,여성
2025-09-10,컬삼,간편식,즉석밥세트,9409877,285567,27931,7969000,1329834,3.03,9.78,0.17,30대,남성
2025-09-10,컬삼,간편식,냉동만두,4077541,101613,5648,4769000,1022716,2.49,5.56,0.21,30대,여성
2025-09-10,컬삼,건강식품,프로틴바,16880859,620368,45438,14602000,39971623,3.67,7.32,2.74,40대,남성
2025-09-10,컬삼,건강식품,오메가3,10046029,364685,23942,6922000,4623785,3.63,6.57,0.67,40대,여성
2025-09-10,컬삼,신선식품,샐러드키트,11545689,382927,22864,10438000,12347840,3.32,5.97,1.18,50대,남성
2025-09-10,컬삼,신선식품,프리미엄과일,9352039,246294,16182,10727000,341663,2.63,6.57,0.03,50대,여성
2025-09-11,쿠빵,간편식,즉석밥세트,39113772,1846134,134006,25595000,14720488,4.72,7.26,0.58,20대,남성
2025-09-11,쿠빵,간편식,냉동만두,22924396,499342,34580,20809000,11172873,2.18,6.93,0.54,20대,여성
2025-09-11,쿠빵,건강식품,프로틴바,26454626,663648,45239,19443000,40045418,2.51,6.82,2.06,30대,남성
2025-09-11,쿠빵,건강식품,오메가3,18415166,381702,15745,21616000,6755530,2.07,4.13,0.31,30대,여성
2025-09-11,쿠빵,신선식품,샐러드키트,11925324,253368,11675,10395000,21061075,2.12,4.61,2.03,40대,남성
2025-09-11,쿠빵,신선식품,프리미엄과일,39113930,1410149,91364,31061000,3161297,3.61,6.48,0.1,40대,여성
2025-09-11,네이바,간편식,즉석밥세트,7732403,246566,14237,7476000,246703,3.19,5.77,0.03,50대,남성
2025-09-11,네이바,간편식,냉동만두,12666394,379225,20014,9537000,446306,2.99,5.28,0.05,50대,여성
2025-09-11,네이바,건강식품,프로틴바,15002458,391044,16711,11512000,8727372,2.61,4.27,0.76,20대,남성
2025-09-11,네이바,건강식품,오메가3,13901481,469251,34678,10372000,3334515,3.38,7.39,0.32,20대,여성
2025-09-11,네이바,신선식품,샐러드키트,16115180,409320,26293,10645000,43625463,2.54,6.42,4.1,30대,남성
2025-09-11,네이바,신선식품,프리미엄과일,35717526,1963165,198266,26700000,4826004,5.5,10.1,0.18,30대,여성
2025-09-11,아마존,간편식,즉석밥세트,5447955,272034,37189,4307000,211583,4.99,13.67,0.05,40대,남성
2025-09-11,아마존,간편식,냉동만두,4633412,149484,13624,5497000,243420,3.23,9.11,0.04,40대,여성
2025-09-11,아마존,건강식품,프로틴바,17073769,952662,115401,16331000,57173208,5.58,12.11,3.5,50대,남성
2025-09-11,아마존,건강식품,오메가3,22461086,1644488,237830,16315000,12333944,7.32,14.46,0.76,50대,여성
2025-09-11,아마존,신선식품,샐러드키트,2016764,74054,5672,2331000,676202,3.67,7.66,0.29,20대,남성
2025-09-11,아마존,신선식품,프리미엄과일,5804928,227244,21134,4479000,47794,3.91,9.3,0.01,20대,여성
2025-09-11,컬삼,간편식,즉석밥세트,12620805,438021,29315,8553000,1561414,3.47,6.69,0.18,30대,남성
2025-09-11,컬삼,간편식,냉동만두,18182674,481581,32824,13585000,2300189,2.65,6.82,0.17,30대,여성
2025-09-11,컬삼,건강식품,프로틴바,14163677,486377,34893,14771000,42839575,3.43,7.17,2.9,40대,남성
2025-09-11,컬삼,건강식품,오메가3,22436740,731787,42915,14764000,8733990,3.26,5.86,0.59,40대,여성
2025-09-11,컬삼,신선식품,샐러드키트,10700020,293908,16057,8061000,8032925,2.75,5.46,1.0,50대,남성
2025-09-11,컬삼,신선식품,프리미엄과일,7847944,221199,17226,5636000,161824,2.82,7.79,0.03,50대,여성
2025-09-12,쿠빵,간편식,즉석밥세트,44262299,1449243,131081,40462000,21738290,3.27,9.04,0.54,20대,남성
2025-09-12,쿠빵,간편식,냉동만두,33562171,1083241,74351,23984000,13926468,3.23,6.86,0.58,20대,여성
2025-09-12,쿠빵,건강식품,프로틴바,23412409,569259,34966,21877000,39069059,2.43,6.14,1.79,30대,남성
2025-09-12,쿠빵,건강식품,오메가3,22179242,396675,16176,22946000,7716624,1.79,4.08,0.34,30대,여성
2025-09-12,쿠빵,신선식품,샐러드키트,17903428,517338,26773,19458000,44469624,2.89,5.18,2.29,40대,남성
2025-09-12,쿠빵,신선식품,프리미엄과일,13410648,502137,30859,10292000,1050224,3.74,6.15,0.1,40대,여성
2025-09-12,네이바,간편식,즉석밥세트,17145538,474165,19563,15326000,573924,2.77,4.13,0.04,50대,남성
2025-09-12,네이바,간편식,냉동만두,6963119,147663,8638,8436000,446508,2.12,5.85,0.05,50대,여성
2025-09-12,네이바,건강식품,프로틴바,17386672,473883,20635,11637000,9592015,2.73,4.35,0.82,20대,남성
2025-09-12,네이바,건강식품,오메가3,32171029,1034675,57924,21235000,6631768,3.22,5.6,0.31,20대,여성
2025-09-12,네이바,신선식품,샐러드키트,6923450,240163,18549,7812000,28411696,3.47,7.72,3.64,30대,남성
2025-09-12,네이바,신선식품,프리미엄과일,16831105,833828,89670,11253000,1907378,4.95,10.75,0.17,30대,여성
2025-09-12,아마존,간편식,즉석밥세트,4516891,226078,33883,4762000,244106,5.01,14.99,0.05,40대,남성
2025-09-12,아마존,간편식,냉동만두,7394123,345319,28142,6274000,280608,4.67,8.15,0.04,40대,여성
2025-09-12,아마존,건강식품,프로틴바,10997920,894834,157099,7569000,26459656,8.14,17.56,3.5,50대,남성
2025-09-12,아마존,건강식품,오메가3,17948485,1248117,157809,11734000,8694420,6.95,12.64,0.74,50대,여성
2025-09-12,아마존,신선식품,샐러드키트,7230633,277275,19745,6139000,1637879,3.83,7.12,0.27,20대,남성
2025-09-12,아마존,신선식품,프리미엄과일,4310202,224221,22135,4484000,53213,5.2,9.87,0.01,20대,여성
2025-09-12,컬삼,간편식,즉석밥세트,14198828,460573,36088,14090000,2151762,3.24,7.84,0.15,30대,남성
2025-09-12,컬삼,간편식,냉동만두,8039383,247508,17009,6529000,1031793,3.08,6.87,0.16,30대,여성
2025-09-12,컬삼,건강식품,프로틴바,14962374,415019,33246,10189000,30824793,2.77,8.01,3.03,40대,남성
2025-09-12,컬삼,건강식품,오메가3,20049565,642986,34688,15368000,11440372,3.21,5.39,0.74,40대,여성
2025-09-12,컬삼,신선식품,샐러드키트,13803383,354572,20691,13783000,13060486,2.57,5.84,0.95,50대,남성
2025-09-12,컬삼,신선식품,프리미엄과일,7516535,201640,14542,4978000,139461,2.68,7.21,0.03,50대,여성
2025-09-13,쿠빵,간편식,즉석밥세트,34596121,1600584,96858,26740000,14491144,4.63,6.05,0.54,20대,남성
2025-09-13,쿠빵,간편식,냉동만두,15011942,314227,13683,14378000,7745855,2.09,4.35,0.54,20대,여성
2025-09-13,쿠빵,건강식품,프로틴바,10569288,291055,19458,7947000,14688011,2.75,6.69,1.85,30대,남성
2025-09-13,쿠빵,건강식품,오메가3,20254350,330569,16731,19554000,6324904,1.63,5.06,0.32,30대,여성
2025-09-13,쿠빵,신선식품,샐러드키트,18196355,360176,13472,19488000,45495356,1.98,3.74,2.33,40대,남성
2025-09-13,쿠빵,신선식품,프리미엄과일,22307134,843475,57540,18297000,1935270,3.78,6.82,0.11,40대,여성
2025-09-13,네이바,간편식,즉석밥세트,14306470,378409,21167,14585000,535575,2.65,5.59,0.04,50대,남성
2025-09-13,네이바,간편식,냉동만두,10610615,308311,18793,12022000,545396,2.91,6.1,0.05,50대,여성
2025-09-13,네이바,건강식품,프로틴바,11136564,277184,10156,9052000,7213658,2.49,3.66,0.8,20대,남성
2025-09-13,네이바,건강식품,오메가3,7212840,239572,15611,5833000,1390443,3.32,6.52,0.24,20대,여성
2025-09-13,네이바,신선식품,샐러드키트,6311678,188856,12390,6954000,23793327,2.99,6.56,3.42,30대,남성
2025-09-13,네이바,신선식품,프리미엄과일,37039585,1874974,148296,31077000,4650061,5.06,7.91,0.15,30대,여성
2025-09-13,아마존,간편식,즉석밥세트,15721337,900663,117706,13631000,689513,5.73,13.07,0.05,40대,남성
2025-09-13,아마존,간편식,냉동만두,8527165,320710,30606,6337000,252580,3.76,9.54,0.04,40대,여성
2025-09-13,아마존,건강식품,프로틴바,18456694,1421047,234115,14870000,48441276,7.7,16.47,3.26,50대,남성
2025-09-13,아마존,건강식품,오메가3,17984401,1130065,139930,11669000,8690694,6.28,12.38,0.74,50대,여성
2025-09-13,아마존,신선식품,샐러드키트,2427255,61813,5077,2865000,832586,2.55,8.21,0.29,20대,남성
2025-09-13,아마존,신선식품,프리미엄과일,5998073,302179,33431,3920000,43416,5.04,11.06,0.01,20대,여성
2025-09-13,컬삼,간편식,즉석밥세트,10473687,380251,37916,9518000,1820423,3.63,9.97,0.19,30대,남성
2025-09-13,컬삼,간편식,냉동만두,18072520,590991,33254,13721000,2846207,3.27,5.63,0.21,30대,여성
2025-09-13,컬삼,건강식품,프로틴바,15342028,496714,36369,14264000,41658424,3.24,7.32,2.92,40대,남성
2025-09-13,컬삼,건강식품,오메가3,20372310,659045,45461,15091000,8657029,3.24,6.9,0.57,40대,여성
2025-09-13,컬삼,신선식품,샐러드키트,15257645,366819,17874,14669000,14141227,2.4,4.87,0.96,50대,남성
2025-09-13,컬삼,신선식품,프리미엄과일,9187621,280528,18240,6474000,214482,3.05,6.5,0.03,50대,여성
2025-09-14,쿠빵,간편식,즉석밥세트,31496485,1190207,86176,20975000,11179543,3.78,7.24,0.53,20대,남성
2025-09-14,쿠빵,간편식,냉동만두,11808083,256148,16466,10471000,5690311,2.17,6.43,0.54,20대,여성
2025-09-14,쿠빵,건강식품,프로틴바,26054928,866491,35066,26753000,54682519,3.33,4.05,2.04,30대,남성
2025-09-14,쿠빵,건강식품,오메가3,29267520,450068,19555,21956000,6651239,1.54,4.35,0.3,30대,여성
2025-09-14,쿠빵,신선식품,샐러드키트,15046801,397865,17608,15130000,29791114,2.64,4.43,1.97,40대,남성
2025-09-14,쿠빵,신선식품,프리미엄과일,35518694,1521718,82479,29866000,2711798,4.28,5.42,0.09,40대,여성
2025-09-14,네이바,간편식,즉석밥세트,7121177,212135,12209,6745000,232901,2.98,5.76,0.03,50대,남성
2025-09-14,네이바,간편식,냉동만두,18237135,511923,24416,17477000,891443,2.81,4.77,0.05,50대,여성
2025-09-14,네이바,건강식품,프로틴바,15132442,369719,14656,14513000,10402642,2.44,3.96,0.72,20대,남성
2025-09-14,네이바,건강식품,오메가3,33666155,1320649,100886,22682000,5405184,3.92,7.64,0.24,20대,여성
2025-09-14,네이바,신선식품,샐러드키트,30307292,951891,61747,19831000,79724470,3.14,6.49,4.02,30대,남성
2025-09-14,네이바,신선식품,프리미엄과일,33382071,1756070,193802,31607000,5983201,5.26,11.04,0.19,30대,여성
2025-09-14,아마존,간편식,즉석밥세트,5510537,272108,33625,4019000,193082,4.94,12.36,0.05,40대,남성
2025-09-14,아마존,간편식,냉동만두,10505285,464215,36313,7855000,331529,4.42,7.82,0.04,40대,여성
2025-09-14,아마존,건강식품,프로틴바,13166059,1052524,161818,8630000,29671370,7.99,15.37,3.44,50대,남성
2025-09-14,아마존,건강식품,오메가3,15963554,902304,121424,16404000,13105018,5.65,13.46,0.8,50대,여성
2025-09-14,아마존,신선식품,샐러드키트,6146230,229937,18330,6882000,1927391,3.74,7.97,0.28,20대,남성
2025-09-14,아마존,신선식품,프리미엄과일,13625263,528791,47981,10374000,119794,3.88,9.07,0.01,20대,여성
2025-09-14,컬삼,간편식,즉석밥세트,23803225,1026021,69283,17284000,3252084,4.31,6.75,0.19,30대,남성
2025-09-14,컬삼,간편식,냉동만두,9903026,285079,16928,6805000,1340109,2.88,5.94,0.2,30대,여성
2025-09-14,컬삼,건강식품,프로틴바,21682217,817462,42116,14413000,36893494,3.77,5.15,2.56,40대,남성
2025-09-14,컬삼,건강식품,오메가3,6665260,179933,15291,5682000,4431963,2.7,8.5,0.78,40대,여성
2025-09-14,컬삼,신선식품,샐러드키트,21754434,679887,37084,14613000,14213385,3.13,5.45,0.97,50대,남성
2025-09-14,컬삼,신선식품,프리미엄과일,17538088,584126,35153,14460000,457300,3.33,6.02,0.03,50대,여성
2025-09-15,쿠빵,간편식,즉석밥세트,24167722,867262,72049,20366000,11228471,3.59,8.31,0.55,20대,남성
2025-09-15,쿠빵,간편식,냉동만두,40330378,1400261,75732,28113000,12708452,3.47,5.41,0.45,20대,여성
2025-09-15,쿠빵,건강식품,프로틴바,23962842,612503,32106,19417000,41250495,2.56,5.24,2.12,30대,남성
2025-09-15,쿠빵,건강식품,오메가3,17631595,293418,10524,11726000,3690112,1.66,3.59,0.31,30대,여성
2025-09-15,쿠빵,신선식품,샐러드키트,25057439,559385,21193,23507000,54339138,2.23,3.79,2.31,40대,남성
2025-09-15,쿠빵,신선식품,프리미엄과일,23265524,982981,70256,17881000,1705614,4.23,7.15,0.1,40대,여성
2025-09-15,네이바,간편식,즉석밥세트,7674973,177199,10582,5026000,197543,2.31,5.97,0.04,50대,남성
2025-09-15,네이바,간편식,냉동만두,10406126,269384,11863,7417000,383541,2.59,4.4,0.05,50대,여성
2025-09-15,네이바,건강식품,프로틴바,12171548,305059,13805,8161000,5905686,2.51,4.53,0.72,20대,남성
2025-09-15,네이바,건강식품,오메가3,17997066,623186,32257,21121000,5953221,3.46,5.18,0.28,20대,여성
2025-09-15,네이바,신선식품,샐러드키트,31695072,1241743,86979,22947000,98619111,3.92,7.0,4.3,30대,남성
2025-09-15,네이바,신선식품,프리미엄과일,21740783,1227424,104839,16225000,2608721,5.65,8.54,0.16,30대,여성
2025-09-15,아마존,간편식,즉석밥세트,14202577,832967,102793,11136000,505627,5.86,12.34,0.05,40대,남성
2025-09-15,아마존,간편식,냉동만두,6473723,260443,21988,5480000,237270,4.02,8.44,0.04,40대,여성
2025-09-15,아마존,건강식품,프로틴바,21023042,1451626,175227,17352000,53551094,6.9,12.07,3.09,50대,남성
2025-09-15,아마존,건강식품,오메가3,16281590,1332231,161237,11488000,8834539,8.18,12.1,0.77,50대,여성
2025-09-15,아마존,신선식품,샐러드키트,7111622,254498,20734,7852000,2206911,3.58,8.15,0.28,20대,남성
2025-09-15,아마존,신선식품,프리미엄과일,4788261,181848,15943,3958000,41987,3.8,8.77,0.01,20대,여성
2025-09-15,컬삼,간편식,즉석밥세트,22030040,749238,56849,20051000,4080411,3.4,7.59,0.2,30대,남성
2025-09-15,컬삼,간편식,냉동만두,5862393,169166,12637,5909000,1027710,2.89,7.47,0.17,30대,여성
2025-09-15,컬삼,건강식품,프로틴바,24609772,893588,65434,16965000,49960919,3.63,7.32,2.94,40대,남성
2025-09-15,컬삼,건강식품,오메가3,9643568,257407,16447,7845000,5700794,2.67,6.39,0.73,40대,여성
2025-09-15,컬삼,신선식품,샐러드키트,6491316,156527,8371,5450000,4860171,2.41,5.35,0.89,50대,남성
2025-09-15,컬삼,신선식품,프리미엄과일,13756985,459655,30386,9482000,285985,3.34,6.61,0.03,50대,여성
2025-09-16,쿠빵,간편식,즉석밥세트,38901759,1629345,100880,39610000,20122762,4.19,6.19,0.51,20대,남성
2025-09-16,쿠빵,간편식,냉동만두,13889527,462706,25108,16101000,9085968,3.33,5.43,0.56,20대,여성
2025-09-16,쿠빵,건강식품,프로틴바,28959616,981261,65724,23398000,39041034,3.39,6.7,1.67,30대,남성
2025-09-16,쿠빵,건강식품,오메가3,24103424,613398,22742,15790000,4678455,2.54,3.71,0.3,30대,여성
2025-09-16,쿠빵,신선식품,샐러드키트,17030530,452862,23627,15232000,35288173,2.66,5.22,2.32,40대,남성
2025-09-16,쿠빵,신선식품,프리미엄과일,42360465,1235560,75836,29524000,2563815,2.92,6.14,0.09,40대,여성
2025-09-16,네이바,간편식,즉석밥세트,11605986,356980,17121,8425000,301068,3.08,4.8,0.04,50대,남성
2025-09-16,네이바,간편식,냉동만두,17822524,567856,32583,14942000,652012,3.19,5.74,0.04,50대,여성
2025-09-16,네이바,건강식품,프로틴바,6048718,109262,4827,4206000,3937712,1.81,4.42,0.94,20대,남성
2025-09-16,네이바,건강식품,오메가3,25250102,922514,72551,22596000,5956699,3.65,7.86,0.26,20대,여성
2025-09-16,네이바,신선식품,샐러드키트,24273299,617619,35945,15659000,65857480,2.54,5.82,4.21,30대,남성
2025-09-16,네이바,신선식품,프리미엄과일,32450553,1476686,173291,28386000,4683648,4.55,11.74,0.16,30대,여성
2025-09-16,아마존,간편식,즉석밥세트,15988806,1002137,108687,12502000,621956,6.27,10.85,0.05,40대,남성
2025-09-16,아마존,간편식,냉동만두,7192689,301178,21320,7637000,336325,4.19,7.08,0.04,40대,여성
2025-09-16,아마존,건강식품,프로틴바,9932186,710320,116761,9371000,31830649,7.15,16.44,3.4,50대,남성
2025-09-16,아마존,건강식품,오메가3,5917517,311591,43154,5422000,4073243,5.27,13.85,0.75,50대,여성
2025-09-16,아마존,신선식품,샐러드키트,7240554,190825,11687,6263000,1667568,2.64,6.12,0.27,20대,남성
2025-09-16,아마존,신선식품,프리미엄과일,6475600,279492,22652,5956000,67264,4.32,8.11,0.01,20대,여성
2025-09-16,컬삼,간편식,즉석밥세트,11245312,438237,31981,10130000,1532669,3.9,7.3,0.15,30대,남성
2025-09-16,컬삼,간편식,냉동만두,20607655,553578,26317,13877000,2298993,2.69,4.75,0.17,30대,여성
2025-09-16,컬삼,건강식품,프로틴바,13379273,508033,35789,14030000,44722096,3.8,7.04,3.19,40대,남성
2025-09-16,컬삼,건강식품,오메가3,10043137,273878,16771,8448000,5296182,2.73,6.12,0.63,40대,여성
2025-09-16,컬삼,신선식품,샐러드키트,9542535,278795,17138,8070000,7221653,2.92,6.15,0.89,50대,남성
2025-09-16,컬삼,신선식품,프리미엄과일,11976746,323616,18087,9321000,239895,2.7,5.59,0.03,50대,여성
2025-09-17,쿠빵,간편식,즉석밥세트,29384998,1010839,65516,27928000,16472739,3.44,6.48,0.59,20대,남성
2025-09-17,쿠빵,간편식,냉동만두,22544686,563239,33009,15929000,9176457,2.5,5.86,0.58,20대,여성
2025-09-17,쿠빵,건강식품,프로틴바,16993084,425184,27409,11673000,21093880,2.5,6.45,1.81,30대,남성
2025-09-17,쿠빵,건강식품,오메가3,21788183,360189,13404,14337000,5566379,1.65,3.72,0.39,30대,여성
2025-09-17,쿠빵,신선식품,샐러드키트,42189785,886231,51930,27477000,56803008,2.1,5.86,2.07,40대,남성
2025-09-17,쿠빵,신선식품,프리미엄과일,41708470,1649639,117370,33369000,3099724,3.96,7.11,0.09,40대,여성
2025-09-17,네이바,간편식,즉석밥세트,20130244,493445,29407,18022000,612100,2.45,5.96,0.03,50대,남성
2025-09-17,네이바,간편식,냉동만두,17001338,455061,24670,13843000,598250,2.68,5.42,0.04,50대,여성
2025-09-17,네이바,건강식품,프로틴바,9457517,220133,12110,8103000,6960094,2.33,5.5,0.86,20대,남성
2025-09-17,네이바,건강식품,오메가3,21494624,678731,39868,16095000,4778783,3.16,5.87,0.3,20대,여성
2025-09-17,네이바,신선식품,샐러드키트,7287103,269148,16760,6099000,25998957,3.69,6.23,4.26,30대,남성
2025-09-17,네이바,신선식품,프리미엄과일,23006342,988018,103386,17016000,2938488,4.29,10.46,0.17,30대,여성
2025-09-17,아마존,간편식,즉석밥세트,10658090,505439,78604,9029000,455577,4.74,15.55,0.05,40대,남성
2025-09-17,아마존,간편식,냉동만두,9438378,362078,35951,7069000,295452,3.84,9.93,0.04,40대,여성
2025-09-17,아마존,건강식품,프로틴바,20038038,1527331,216226,13506000,44876473,7.62,14.16,3.32,50대,남성
2025-09-17,아마존,건강식품,오메가3,15196978,1088793,136206,10920000,8700369,7.16,12.51,0.8,50대,여성
2025-09-17,아마존,신선식품,샐러드키트,4281484,126175,9351,4954000,1389407,2.95,7.41,0.28,20대,남성
2025-09-17,아마존,신선식품,프리미엄과일,6893528,334676,32123,4995000,59614,4.85,9.6,0.01,20대,여성
2025-09-17,컬삼,간편식,즉석밥세트,13107023,477840,28872,12843000,2753293,3.65,6.04,0.21,30대,남성
2025-09-17,컬삼,간편식,냉동만두,18459204,523068,32647,14754000,2677669,2.83,6.24,0.18,30대,여성
2025-09-17,컬삼,건강식품,프로틴바,19303055,588491,45466,15308000,41079286,3.05,7.73,2.68,40대,남성
2025-09-17,컬삼,건강식품,오메가3,6199026,185340,9607,6823000,4492569,2.99,5.18,0.66,40대,여성
2025-09-17,컬삼,신선식품,샐러드키트,8107485,288145,14901,5342000,5597628,3.55,5.17,1.05,50대,남성
2025-09-17,컬삼,신선식품,프리미엄과일,10669362,295996,18520,10851000,287980,2.77,6.26,0.03,50대,여성
2025-09-18,쿠빵,간편식,즉석밥세트,50012318,2036184,162319,37315000,21330401,4.07,7.97,0.57,20대,남성
2025-09-18,쿠빵,간편식,냉동만두,15786163,386823,24874,17223000,8339173,2.45,6.43,0.48,20대,여성
2025-09-18,쿠빵,건강식품,프로틴바,28285459,840631,50701,29694000,62033526,2.97,6.03,2.09,30대,남성
2025-09-18,쿠빵,건강식품,오메가3,19926030,353567,11994,20984000,8166929,1.77,3.39,0.39,30대,여성
2025-09-18,쿠빵,신선식품,샐러드키트,24910098,727882,29051,22080000,50765321,2.92,3.99,2.3,40대,남성
2025-09-18,쿠빵,신선식품,프리미엄과일,16010783,616244,42430,18741000,1684303,3.85,6.89,0.09,40대,여성
2025-09-18,네이바,간편식,즉석밥세트,8817580,197230,10692,7897000,303642,2.24,5.42,0.04,50대,남성
2025-09-18,네이바,간편식,냉동만두,7553668,169726,9853,5309000,279920,2.25,5.81,0.05,50대,여성
2025-09-18,네이바,건강식품,프로틴바,7284575,135262,7211,7513000,5225096,1.86,5.33,0.7,20대,남성
2025-09-18,네이바,건강식품,오메가3,21965036,699877,40502,15020000,3939671,3.19,5.79,0.26,20대,여성
2025-09-18,네이바,신선식품,샐러드키트,28136944,973162,66086,21995000,85706305,3.46,6.79,3.9,30대,남성
2025-09-18,네이바,신선식품,프리미엄과일,14550375,659543,74560,11334000,1928968,4.53,11.3,0.17,30대,여성
2025-09-18,아마존,간편식,즉석밥세트,11533681,736491,87986,8998000,455451,6.39,11.95,0.05,40대,남성
2025-09-18,아마존,간편식,냉동만두,8011026,256570,18474,7583000,303400,3.2,7.2,0.04,40대,여성
2025-09-18,아마존,건강식품,프로틴바,8357117,612602,92288,7338000,23216512,7.33,15.06,3.16,50대,남성
2025-09-18,아마존,건강식품,오메가3,18589402,1189931,156053,14327000,10810497,6.4,13.11,0.75,50대,여성
2025-09-18,아마존,신선식품,샐러드키트,6662420,223415,18766,5378000,1515381,3.35,8.4,0.28,20대,남성
2025-09-18,아마존,신선식품,프리미엄과일,6236638,235781,21829,5362000,60034,3.78,9.26,0.01,20대,여성
2025-09-18,컬삼,간편식,즉석밥세트,14962955,529472,31971,16025000,2378880,3.54,6.04,0.15,30대,남성
2025-09-18,컬삼,간편식,냉동만두,4923990,164180,9877,4119000,838223,3.33,6.02,0.2,30대,여성
2025-09-18,컬삼,건강식품,프로틴바,17803826,548345,43624,14949000,44034663,3.08,7.96,2.95,40대,남성
2025-09-18,컬삼,건강식품,오메가3,15945873,412894,31741,15222000,8348161,2.59,7.69,0.55,40대,여성
2025-09-18,컬삼,신선식품,샐러드키트,6677947,203352,10855,5716000,5639663,3.05,5.34,0.99,50대,남성
2025-09-18,컬삼,신선식품,프리미엄과일,9044866,300208,19691,9862000,335161,3.32,6.56,0.03,50대,여성
2025-09-19,쿠빵,간편식,즉석밥세트,22049142,1046012,101513,20000000,10222303,4.74,9.7,0.51,20대,남성
2025-09-19,쿠빵,간편식,냉동만두,41740455,860861,53002,33835000,18868834,2.06,6.16,0.56,20대,여성
2025-09-19,쿠빵,건강식품,프로틴바,30880829,665057,43163,22321000,48333881,2.15,6.49,2.17,30대,남성
2025-09-19,쿠빵,건강식품,오메가3,8222927,215788,8657,7548000,2431679,2.62,4.01,0.32,30대,여성
2025-09-19,쿠빵,신선식품,샐러드키트,18220829,411756,24436,13001000,32048266,2.26,5.93,2.47,40대,남성
2025-09-19,쿠빵,신선식품,프리미엄과일,44042265,1841349,137970,40364000,3687419,4.18,7.49,0.09,40대,여성
2025-09-19,네이바,간편식,즉석밥세트,11158844,307908,13542,11912000,471917,2.76,4.4,0.04,50대,남성
2025-09-19,네이바,간편식,냉동만두,18693630,420294,17410,17127000,765734,2.25,4.14,0.04,50대,여성
2025-09-19,네이바,건강식품,프로틴바,17854129,413449,17280,13228000,9962958,2.32,4.18,0.75,20대,남성
2025-09-19,네이바,건강식품,오메가3,38829485,1126449,85317,24962000,6464585,2.9,7.57,0.26,20대,여성
2025-09-19,네이바,신선식품,샐러드키트,24753506,654194,51604,17560000,71771535,2.64,7.89,4.09,30대,남성
2025-09-19,네이바,신선식품,프리미엄과일,33805845,2022635,230615,36421000,6849709,5.98,11.4,0.19,30대,여성
2025-09-19,아마존,간편식,즉석밥세트,21599361,1122985,158332,14987000,763677,5.2,14.1,0.05,40대,남성
2025-09-19,아마존,간편식,냉동만두,9526461,392928,33258,7574000,331986,4.12,8.46,0.04,40대,여성
2025-09-19,아마존,건강식품,프로틴바,19333036,1255231,184668,14883000,47649568,6.49,14.71,3.2,50대,남성
2025-09-19,아마존,건강식품,오메가3,12323114,681380,102845,11858000,9877943,5.53,15.09,0.83,50대,여성
2025-09-19,아마존,신선식품,샐러드키트,8268336,245296,20263,7690000,2235256,2.97,8.26,0.29,20대,남성
2025-09-19,아마존,신선식품,프리미엄과일,11407050,575858,62946,8323000,87125,5.05,10.93,0.01,20대,여성
2025-09-19,컬삼,간편식,즉석밥세트,17881226,714572,53113,20266000,3601518,4.0,7.43,0.18,30대,남성
2025-09-19,컬삼,간편식,냉동만두,13193046,329174,19055,13312000,2438816,2.5,5.79,0.18,30대,여성
2025-09-19,컬삼,건강식품,프로틴바,14260685,514259,32132,11327000,28193438,3.61,6.25,2.49,40대,남성
2025-09-19,컬삼,건강식품,오메가3,11102089,351803,22053,8312000,5616746,3.17,6.27,0.68,40대,여성
2025-09-19,컬삼,신선식품,샐러드키트,8994093,226605,16561,7670000,6814276,2.52,7.31,0.89,50대,남성
2025-09-19,컬삼,신선식품,프리미엄과일,10743217,368404,22885,12837000,337913,3.43,6.21,0.03,50대,여성
2025-09-20,쿠빵,간편식,즉석밥세트,40954411,1415063,128751,43894000,28513843,3.46,9.1,0.65,20대,남성
2025-09-20,쿠빵,간편식,냉동만두,23613592,528582,35933,22768000,12123729,2.24,6.8,0.53,20대,여성
2025-09-20,쿠빵,건강식품,프로틴바,38348374,910997,46602,25595000,50767186,2.38,5.12,1.98,30대,남성
2025-09-20,쿠빵,건강식품,오메가3,16405478,319231,11771,12163000,3761391,1.95,3.69,0.31,30대,여성
2025-09-20,쿠빵,신선식품,샐러드키트,7808064,197992,10284,9322000,19471747,2.54,5.19,2.09,40대,남성
2025-09-20,쿠빵,신선식품,프리미엄과일,28697100,820382,49896,21499000,2109559,2.86,6.08,0.1,40대,여성
2025-09-20,네이바,간편식,즉석밥세트,14479482,410452,24467,9278000,289009,2.83,5.96,0.03,50대,남성
2025-09-20,네이바,간편식,냉동만두,11199512,241753,10081,10021000,482817,2.16,4.17,0.05,50대,여성
2025-09-20,네이바,건강식품,프로틴바,17397761,323171,13437,11736000,10232666,1.86,4.16,0.87,20대,남성
2025-09-20,네이바,건강식품,오메가3,8468710,309970,22502,9060000,2221497,3.66,7.26,0.25,20대,여성
2025-09-20,네이바,신선식품,샐러드키트,9153540,248452,16376,10852000,48633947,2.71,6.59,4.48,30대,남성
2025-09-20,네이바,신선식품,프리미엄과일,38456726,1822934,195982,29638000,5144823,4.74,10.75,0.17,30대,여성
2025-09-20,아마존,간편식,즉석밥세트,18983226,1066941,149053,12935000,599229,5.62,13.97,0.05,40대,남성
2025-09-20,아마존,간편식,냉동만두,4108352,129240,12094,3236000,129509,3.15,9.36,0.04,40대,여성
2025-09-20,아마존,건강식품,프로틴바,10011868,814940,113170,10650000,34638086,8.14,13.89,3.25,50대,남성
2025-09-20,아마존,건강식품,오메가3,16094816,885656,135685,12599000,9691890,5.5,15.32,0.77,50대,여성
2025-09-20,아마존,신선식품,샐러드키트,7341732,259938,19581,5031000,1401788,3.54,7.53,0.28,20대,남성
2025-09-20,아마존,신선식품,프리미엄과일,6282196,257777,25960,5186000,59372,4.1,10.07,0.01,20대,여성
2025-09-20,컬삼,간편식,즉석밥세트,18875213,649932,40414,12615000,2505738,3.44,6.22,0.2,30대,남성
2025-09-20,컬삼,간편식,냉동만두,18736793,525894,25443,15558000,3322916,2.81,4.84,0.21,30대,여성
2025-09-20,컬삼,건강식품,프로틴바,20417159,658160,55444,13073000,37206668,3.22,8.42,2.85,40대,남성
2025-09-20,컬삼,건강식품,오메가3,18412170,500493,40173,14671000,11334625,2.72,8.03,0.77,40대,여성
2025-09-20,컬삼,신선식품,샐러드키트,24585000,791521,57311,15982000,16396292,3.22,7.24,1.03,50대,남성
2025-09-20,컬삼,신선식품,프리미엄과일,15220502,368340,18476,14768000,506989,2.42,5.02,0.03,50대,여성
2025-09-21,쿠빵,간편식,즉석밥세트,35056345,1099386,105011,28971000,14453854,3.14,9.55,0.5,20대,남성
2025-09-21,쿠빵,간편식,냉동만두,12432124,342079,17946,9186000,4862737,2.75,5.25,0.53,20대,여성
2025-09-21,쿠빵,건강식품,프로틴바,19347499,542667,31735,18565000,31058280,2.8,5.85,1.67,30대,남성
2025-09-21,쿠빵,건강식품,오메가3,31642711,656655,22701,22103000,7147086,2.08,3.46,0.32,30대,여성
2025-09-21,쿠빵,신선식품,샐러드키트,39722665,873176,43811,27373000,62520015,2.2,5.02,2.28,40대,남성
2025-09-21,쿠빵,신선식품,프리미엄과일,62434944,1703802,135023,45422000,4718799,2.73,7.92,0.1,40대,여성
2025-09-21,네이바,간편식,즉석밥세트,13576358,280960,11819,11726000,483756,2.07,4.21,0.04,50대,남성
2025-09-21,네이바,간편식,냉동만두,23321859,636826,30200,16858000,820653,2.73,4.74,0.05,50대,여성
2025-09-21,네이바,건강식품,프로틴바,16262175,304983,15208,12010000,10502945,1.88,4.99,0.87,20대,남성
2025-09-21,네이바,건강식품,오메가3,25853806,1015931,66736,18284000,4527407,3.93,6.57,0.25,20대,여성
2025-09-21,네이바,신선식품,샐러드키트,15286272,420440,22623,10820000,44787807,2.75,5.38,4.14,30대,남성
2025-09-21,네이바,신선식품,프리미엄과일,13952467,801490,87934,16208000,2480547,5.74,10.97,0.15,30대,여성
2025-09-21,아마존,간편식,즉석밥세트,13250494,696598,74759,9725000,491831,5.26,10.73,0.05,40대,남성
2025-09-21,아마존,간편식,냉동만두,3308551,102764,8578,2997000,128237,3.11,8.35,0.04,40대,여성
2025-09-21,아마존,건강식품,프로틴바,10042281,698004,99159,9779000,32303073,6.95,14.21,3.3,50대,남성
2025-09-21,아마존,건강식품,오메가3,14909480,1039449,169811,14800000,11112702,6.97,16.34,0.75,50대,여성
2025-09-21,아마존,신선식품,샐러드키트,5132461,128909,10333,5035000,1384689,2.51,8.02,0.28,20대,남성
2025-09-21,아마존,신선식품,프리미엄과일,7411052,316152,27190,4863000,54317,4.27,8.6,0.01,20대,여성
2025-09-21,컬삼,간편식,즉석밥세트,18857328,722103,69724,13624000,2814135,3.83,9.66,0.21,30대,남성
2025-09-21,컬삼,간편식,냉동만두,8059589,210518,12102,5886000,1029387,2.61,5.75,0.17,30대,여성
2025-09-21,컬삼,건강식품,프로틴바,16731352,443264,28225,13839000,34487243,2.65,6.37,2.49,40대,남성
2025-09-21,컬삼,건강식품,오메가3,8152528,226531,17748,5221000,3989705,2.78,7.83,0.76,40대,여성
2025-09-21,컬삼,신선식품,샐러드키트,10400468,258213,16237,9927000,12718850,2.48,6.29,1.28,50대,남성
2025-09-21,컬삼,신선식품,프리미엄과일,10373173,289697,19032,12260000,432204,2.79,6.57,0.04,50대,여성
2025-09-22,쿠빵,간편식,즉석밥세트,19301514,823897,60701,14868000,7810250,4.27,7.37,0.53,20대,남성
2025-09-22,쿠빵,간편식,냉동만두,37834824,1092494,59869,26861000,13574057,2.89,5.48,0.51,20대,여성
2025-09-22,쿠빵,건강식품,프로틴바,13184022,441752,27748,12916000,22399888,3.35,6.28,1.73,30대,남성
2025-09-22,쿠빵,건강식품,오메가3,17996619,352966,12439,16430000,4825509,1.96,3.52,0.29,30대,여성
2025-09-22,쿠빵,신선식품,샐러드키트,7567863,213294,12424,8991000,22296030,2.82,5.83,2.48,40대,남성
2025-09-22,쿠빵,신선식품,프리미엄과일,23438739,997449,80156,25555000,2637726,4.26,8.04,0.1,40대,여성
2025-09-22,네이바,간편식,즉석밥세트,7637268,174572,9044,8631000,323083,2.29,5.18,0.04,50대,남성
2025-09-22,네이바,간편식,냉동만두,15890430,453510,19152,10463000,600876,2.85,4.22,0.06,50대,여성
2025-09-22,네이바,건강식품,프로틴바,16936562,388820,19331,15189000,13911191,2.3,4.97,0.92,20대,남성
2025-09-22,네이바,건강식품,오메가3,13275044,348782,18439,14133000,4536810,2.63,5.29,0.32,20대,여성
2025-09-22,네이바,신선식품,샐러드키트,25018157,653535,43809,21544000,91865273,2.61,6.7,4.26,30대,남성
2025-09-22,네이바,신선식품,프리미엄과일,37255650,1595561,138406,34719000,6614643,4.28,8.67,0.19,30대,여성
2025-09-22,아마존,간편식,즉석밥세트,8090299,515504,73324,7523000,380161,6.37,14.22,0.05,40대,남성
2025-09-22,아마존,간편식,냉동만두,4940240,153244,11476,3490000,143326,3.1,7.49,0.04,40대,여성
2025-09-22,아마존,건강식품,프로틴바,6201264,354478,46033,5235000,17489052,5.72,12.99,3.34,50대,남성
2025-09-22,아마존,건강식품,오메가3,12890521,884002,157244,12963000,10149420,6.86,17.79,0.78,50대,여성
2025-09-22,아마존,신선식품,샐러드키트,8855555,249816,14828,9247000,2475133,2.82,5.94,0.27,20대,남성
2025-09-22,아마존,신선식품,프리미엄과일,5902739,304154,32810,6774000,77832,5.15,10.79,0.01,20대,여성
2025-09-22,컬삼,간편식,즉석밥세트,17419961,608251,38714,17002000,3485387,3.49,6.36,0.2,30대,남성
2025-09-22,컬삼,간편식,냉동만두,14944141,422566,27600,14460000,2462365,2.83,6.53,0.17,30대,여성
2025-09-22,컬삼,건강식품,프로틴바,17031139,441043,28557,14494000,47560348,2.59,6.47,3.28,40대,남성
2025-09-22,컬삼,건강식품,오메가3,22965546,658780,43946,16012000,11587060,2.87,6.67,0.72,40대,여성
2025-09-22,컬삼,신선식품,샐러드키트,27858555,672602,50157,17789000,16509387,2.41,7.46,0.93,50대,남성
2025-09-22,컬삼,신선식품,프리미엄과일,9657228,327226,19604,7391000,195149,3.39,5.99,0.03,50대,여성
2025-09-23,쿠빵,간편식,즉석밥세트,21364379,920853,65976,14824000,8867408,4.31,7.16,0.6,20대,남성
2025-09-23,쿠빵,간편식,냉동만두,15875781,332868,22327,13579000,5986215,2.1,6.71,0.44,20대,여성
2025-09-23,쿠빵,건강식품,프로틴바,13971713,469116,30436,12856000,21830919,3.36,6.49,1.7,30대,남성
2025-09-23,쿠빵,건강식품,오메가3,26644473,537850,18168,21054000,6258284,2.02,3.38,0.3,30대,여성
2025-09-23,쿠빵,신선식품,샐러드키트,28762671,633820,22026,21365000,52734439,2.2,3.48,2.47,40대,남성
2025-09-23,쿠빵,신선식품,프리미엄과일,21072950,636128,37721,20089000,1798849,3.02,5.93,0.09,40대,여성
2025-09-23,네이바,간편식,즉석밥세트,17015089,347376,19057,16617000,692947,2.04,5.49,0.04,50대,남성
2025-09-23,네이바,간편식,냉동만두,15725940,392266,20875,17714000,817204,2.49,5.32,0.05,50대,여성
2025-09-23,네이바,건강식품,프로틴바,10563003,200073,7840,7064000,5317964,1.89,3.92,0.75,20대,남성
2025-09-23,네이바,건강식품,오메가3,27089637,933544,69142,18954000,5314417,3.45,7.41,0.28,20대,여성
2025-09-23,네이바,신선식품,샐러드키트,27138390,996758,60576,21803000,97614620,3.67,6.08,4.48,30대,남성
2025-09-23,네이바,신선식품,프리미엄과일,15312277,888651,86739,13555000,2232227,5.8,9.76,0.16,30대,여성
2025-09-23,아마존,간편식,즉석밥세트,22624600,1216995,140427,15042000,699609,5.38,11.54,0.05,40대,남성
2025-09-23,아마존,간편식,냉동만두,13675670,420472,42767,11083000,486862,3.07,10.17,0.04,40대,여성
2025-09-23,아마존,건강식품,프로틴바,6104319,503534,89849,6655000,22766866,8.25,17.84,3.42,50대,남성
2025-09-23,아마존,건강식품,오메가3,8234414,498147,84175,5416000,4383808,6.05,16.9,0.81,50대,여성
2025-09-23,아마존,신선식품,샐러드키트,6674930,256647,15948,4546000,1174798,3.84,6.21,0.26,20대,남성
2025-09-23,아마존,신선식품,프리미엄과일,14937680,628817,71414,10179000,118650,4.21,11.36,0.01,20대,여성
2025-09-23,컬삼,간편식,즉석밥세트,30813546,1198270,110538,22679000,3567461,3.89,9.22,0.16,30대,남성
2025-09-23,컬삼,간편식,냉동만두,14846864,338765,22364,9620000,2026366,2.28,6.6,0.21,30대,여성
2025-09-23,컬삼,건강식품,프로틴바,24651157,805590,46240,15668000,44070932,3.27,5.74,2.81,40대,남성
2025-09-23,컬삼,건강식품,오메가3,7382372,234581,14428,6121000,4644709,3.18,6.15,0.76,40대,여성
2025-09-23,컬삼,신선식품,샐러드키트,17777952,476297,26197,14421000,13073829,2.68,5.5,0.91,50대,남성
2025-09-23,컬삼,신선식품,프리미엄과일,12731888,445803,24272,13538000,335639,3.5,5.44,0.02,50대,여성
2025-09-24,쿠빵,간편식,즉석밥세트,20067995,1016896,99648,18527000,11302166,5.07,9.8,0.61,20대,남성
2025-09-24,쿠빵,간편식,냉동만두,44472365,1280765,86473,31401000,13843446,2.88,6.75,0.44,20대,여성
2025-09-24,쿠빵,건강식품,프로틴바,37679769,1240042,85335,33633000,70213193,3.29,6.88,2.09,30대,남성
2025-09-24,쿠빵,건강식품,오메가3,21253256,413385,13341,19912000,7668052,1.95,3.23,0.39,30대,여성
2025-09-24,쿠빵,신선식품,샐러드키트,15708316,298586,17375,10988000,22258390,1.9,5.82,2.03,40대,남성
2025-09-24,쿠빵,신선식품,프리미엄과일,76072001,2940868,172905,48750000,5449232,3.87,5.88,0.11,40대,여성
2025-09-24,네이바,간편식,즉석밥세트,18412543,573479,33770,18237000,718709,3.11,5.89,0.04,50대,남성
2025-09-24,네이바,간편식,냉동만두,15062970,332955,15769,11128000,565995,2.21,4.74,0.05,50대,여성
2025-09-24,네이바,건강식품,프로틴바,16859977,424074,23292,10905000,7770680,2.52,5.49,0.71,20대,남성
2025-09-24,네이바,건강식품,오메가3,12516215,499575,39444,14406000,3864195,3.99,7.9,0.27,20대,여성
2025-09-24,네이바,신선식품,샐러드키트,17330259,672683,53159,17188000,68588983,3.88,7.9,3.99,30대,남성
2025-09-24,네이바,신선식품,프리미엄과일,28949259,1695716,137910,20735000,3504983,5.86,8.13,0.17,30대,여성
2025-09-24,아마존,간편식,즉석밥세트,23513811,1670465,188311,15678000,735099,7.1,11.27,0.05,40대,남성
2025-09-24,아마존,간편식,냉동만두,15040765,628740,56416,10021000,401171,4.18,8.97,0.04,40대,여성
2025-09-24,아마존,건강식품,프로틴바,6017238,363780,49100,6720000,22041429,6.05,13.5,3.28,50대,남성
2025-09-24,아마존,건강식품,오메가3,22423303,1249898,150083,19829000,15211058,5.57,12.01,0.77,50대,여성
2025-09-24,아마존,신선식품,샐러드키트,8389122,319352,25793,6932000,1963198,3.81,8.08,0.28,20대,남성
2025-09-24,아마존,신선식품,프리미엄과일,14265096,655060,55062,11885000,131097,4.59,8.41,0.01,20대,여성
2025-09-24,컬삼,간편식,즉석밥세트,17925125,712784,62358,18557000,3841889,3.98,8.75,0.21,30대,남성
2025-09-24,컬삼,간편식,냉동만두,11127769,356253,19183,10289000,1542330,3.2,5.38,0.15,30대,여성
2025-09-24,컬삼,건강식품,프로틴바,18198049,481266,27328,16196000,52451960,2.64,5.68,3.24,40대,남성
2025-09-24,컬삼,건강식품,오메가3,18042483,585926,47774,19724000,14189656,3.25,8.15,0.72,40대,여성
2025-09-24,컬삼,신선식품,샐러드키트,7498266,235173,14921,8630000,9709425,3.14,6.34,1.13,50대,남성
2025-09-24,컬삼,신선식품,프리미엄과일,15721030,408431,31233,16337000,595689,2.6,7.65,0.04,50대,여성
2025-09-25,쿠빵,간편식,즉석밥세트,51316515,1776828,121800,37671000,19174160,3.46,6.85,0.51,20대,남성
2025-09-25,쿠빵,간편식,냉동만두,24838920,768754,36867,23553000,12789272,3.09,4.8,0.54,20대,여성
2025-09-25,쿠빵,건강식품,프로틴바,32571680,675684,38617,22186000,38983856,2.07,5.72,1.76,30대,남성
2025-09-25,쿠빵,건강식품,오메가3,24532210,467567,18525,23047000,7100381,1.91,3.96,0.31,30대,여성
2025-09-25,쿠빵,신선식품,샐러드키트,12788034,315260,12324,14776000,34947339,2.47,3.91,2.37,40대,남성
2025-09-25,쿠빵,신선식품,프리미엄과일,65530332,2076677,114623,44535000,3985360,3.17,5.52,0.09,40대,여성
2025-09-25,네이바,간편식,즉석밥세트,25810402,639313,33076,19316000,671421,2.48,5.17,0.03,50대,남성
2025-09-25,네이바,간편식,냉동만두,10477782,277970,12352,6973000,298797,2.65,4.44,0.04,50대,여성
2025-09-25,네이바,건강식품,프로틴바,21040248,466686,18914,17662000,13714381,2.22,4.05,0.78,20대,남성
2025-09-25,네이바,건강식품,오메가3,16841598,488885,25348,11994000,3037667,2.9,5.18,0.25,20대,여성
2025-09-25,네이바,신선식품,샐러드키트,20711046,544402,32834,16594000,67576444,2.63,6.03,4.07,30대,남성
2025-09-25,네이바,신선식품,프리미엄과일,43297864,2198182,219624,29453000,5621663,5.08,9.99,0.19,30대,여성
2025-09-25,아마존,간편식,즉석밥세트,14278799,805101,106149,9586000,485503,5.64,13.18,0.05,40대,남성
2025-09-25,아마존,간편식,냉동만두,2886286,129126,10871,3187000,134534,4.47,8.42,0.04,40대,여성
2025-09-25,아마존,건강식품,프로틴바,27888791,2061795,309529,18412000,64090169,7.39,15.01,3.48,50대,남성
2025-09-25,아마존,건강식품,오메가3,7504737,546540,85925,8014000,6608318,7.28,15.72,0.82,50대,여성
2025-09-25,아마존,신선식품,샐러드키트,6213057,167257,13976,3962000,1125640,2.69,8.36,0.28,20대,남성
2025-09-25,아마존,신선식품,프리미엄과일,18561727,696505,67515,11746000,137110,3.75,9.69,0.01,20대,여성
2025-09-25,컬삼,간편식,즉석밥세트,17881752,803946,68407,12197000,2147229,4.5,8.51,0.18,30대,남성
2025-09-25,컬삼,간편식,냉동만두,14796467,484533,35092,16490000,2691405,3.27,7.24,0.16,30대,여성
2025-09-25,컬삼,건강식품,프로틴바,16777546,512827,31840,15940000,41766490,3.06,6.21,2.62,40대,남성
2025-09-25,컬삼,건강식품,오메가3,12312108,451074,35067,9399000,6084009,3.66,7.77,0.65,40대,여성
2025-09-25,컬삼,신선식품,샐러드키트,4776466,138685,8496,4987000,5456182,2.9,6.13,1.09,50대,남성
2025-09-25,컬삼,신선식품,프리미엄과일,28562841,945445,73809,18618000,597070,3.31,7.81,0.03,50대,여성
2025-09-26,쿠빵,간편식,즉석밥세트,22897415,738951,53850,18385000,10750093,3.23,7.29,0.58,20대,남성
2025-09-26,쿠빵,간편식,냉동만두,37265191,974982,50203,30838000,15043687,2.62,5.15,0.49,20대,여성
2025-09-26,쿠빵,건강식품,프로틴바,22990625,472732,22815,24076000,47158089,2.06,4.83,1.96,30대,남성
2025-09-26,쿠빵,건강식품,오메가3,36194730,825373,25481,23994000,8458826,2.28,3.09,0.35,30대,여성
2025-09-26,쿠빵,신선식품,샐러드키트,39101681,783172,41521,25526000,54923513,2.0,5.3,2.15,40대,남성
2025-09-26,쿠빵,신선식품,프리미엄과일,40100136,1058424,88778,37359000,4108866,2.64,8.39,0.11,40대,여성
2025-09-26,네이바,간편식,즉석밥세트,12791776,331299,18787,13883000,477877,2.59,5.67,0.03,50대,남성
2025-09-26,네이바,간편식,냉동만두,22354897,483148,30622,18984000,1051101,2.16,6.34,0.06,50대,여성
2025-09-26,네이바,건강식품,프로틴바,8355796,169864,7431,6292000,5643946,2.03,4.38,0.9,20대,남성
2025-09-26,네이바,건강식품,오메가3,16376317,461334,34470,11706000,2924133,2.82,7.47,0.25,20대,여성
2025-09-26,네이바,신선식품,샐러드키트,26648229,1012841,75588,21639000,90625150,3.8,7.46,4.19,30대,남성
2025-09-26,네이바,신선식품,프리미엄과일,19241537,856253,83746,20262000,2981117,4.45,9.78,0.15,30대,여성
2025-09-26,아마존,간편식,즉석밥세트,12399920,847691,89435,12498000,635650,6.84,10.55,0.05,40대,남성
2025-09-26,아마존,간편식,냉동만두,8565303,376690,28810,7209000,318897,4.4,7.65,0.04,40대,여성
2025-09-26,아마존,건강식품,프로틴바,19926152,1467342,200202,13639000,47567513,7.36,13.64,3.49,50대,남성
2025-09-26,아마존,건강식품,오메가3,10448097,747689,95279,11983000,9507044,7.16,12.74,0.79,50대,여성
2025-09-26,아마존,신선식품,샐러드키트,11906374,390726,23823,7958000,2148808,3.28,6.1,0.27,20대,남성
2025-09-26,아마존,신선식품,프리미엄과일,10598962,445105,38519,7000000,79391,4.2,8.65,0.01,20대,여성
2025-09-26,컬삼,간편식,즉석밥세트,21647297,873095,62341,19043000,3784080,4.03,7.14,0.2,30대,남성
2025-09-26,컬삼,간편식,냉동만두,12388141,358486,26509,8333000,1302853,2.89,7.39,0.16,30대,여성
2025-09-26,컬삼,건강식품,프로틴바,10553582,360305,21671,9145000,26563621,3.41,6.01,2.9,40대,남성
2025-09-26,컬삼,건강식품,오메가3,6083978,215670,16627,7105000,3779420,3.54,7.71,0.53,40대,여성
2025-09-26,컬삼,신선식품,샐러드키트,6635267,210792,14172,7751000,9787786,3.18,6.72,1.26,50대,남성
2025-09-26,컬삼,신선식품,프리미엄과일,10478877,352729,20378,6679000,186420,3.37,5.78,0.03,50대,여성
2025-09-27,쿠빵,간편식,즉석밥세트,42945647,1697884,130637,38716000,23146750,3.95,7.69,0.6,20대,남성
2025-09-27,쿠빵,간편식,냉동만두,47624755,1285890,77559,32551000,15443065,2.7,6.03,0.47,20대,여성
2025-09-27,쿠빵,건강식품,프로틴바,20698541,445736,24669,15415000,28421573,2.15,5.53,1.84,30대,남성
2025-09-27,쿠빵,건강식품,오메가3,15984070,307055,13683,12265000,4605025,1.92,4.46,0.38,30대,여성
2025-09-27,쿠빵,신선식품,샐러드키트,32798501,602781,21475,20686000,44068304,1.84,3.56,2.13,40대,남성
2025-09-27,쿠빵,신선식품,프리미엄과일,56506920,2418444,150390,40965000,4208992,4.28,6.22,0.1,40대,여성
2025-09-27,네이바,간편식,즉석밥세트,31802084,750067,32701,22396000,936357,2.36,4.36,0.04,50대,남성
2025-09-27,네이바,간편식,냉동만두,19036168,564710,33462,14677000,819904,2.97,5.93,0.06,50대,여성
2025-09-27,네이바,건강식품,프로틴바,12354173,304504,15269,9231000,7877365,2.46,5.01,0.85,20대,남성
2025-09-27,네이바,건강식품,오메가3,10586087,305846,19132,9289000,3001115,2.89,6.26,0.32,20대,여성
2025-09-27,네이바,신선식품,샐러드키트,11210606,399333,26819,11300000,37036038,3.56,6.72,3.28,30대,남성
2025-09-27,네이바,신선식품,프리미엄과일,25879457,1099959,108960,18033000,3204690,4.25,9.91,0.18,30대,여성
2025-09-27,아마존,간편식,즉석밥세트,10523534,662651,86396,7109000,364108,6.3,13.04,0.05,40대,남성
2025-09-27,아마존,간편식,냉동만두,2910371,129949,9636,3151000,139524,4.47,7.42,0.04,40대,여성
2025-09-27,아마존,건강식품,프로틴바,19717735,1188181,200209,13894000,43621671,6.03,16.85,3.14,50대,남성
2025-09-27,아마존,건강식품,오메가3,8935825,651344,91278,9738000,7394379,7.29,14.01,0.76,50대,여성
2025-09-27,아마존,신선식품,샐러드키트,14072491,491396,31743,9785000,2635974,3.49,6.46,0.27,20대,남성
2025-09-27,아마존,신선식품,프리미엄과일,14088295,566507,51983,9485000,103952,4.02,9.18,0.01,20대,여성
2025-09-27,컬삼,간편식,즉석밥세트,29889620,1285131,107106,19224000,3433139,4.3,8.33,0.18,30대,남성
2025-09-27,컬삼,간편식,냉동만두,9634926,313193,18796,6433000,963153,3.25,6.0,0.15,30대,여성
2025-09-27,컬삼,건강식품,프로틴바,28383542,831752,43948,19075000,49846343,2.93,5.28,2.61,40대,남성
2025-09-27,컬삼,건강식품,오메가3,16701414,468537,30413,13090000,7367445,2.81,6.49,0.56,40대,여성
2025-09-27,컬삼,신선식품,샐러드키트,24982818,736764,42823,18038000,22739684,2.95,5.81,1.26,50대,남성
2025-09-27,컬삼,신선식품,프리미엄과일,13356545,398705,27188,13580000,467647,2.99,6.82,0.03,50대,여성
2025-09-28,쿠빵,간편식,즉석밥세트,51494362,1550292,112099,36284000,21643676,3.01,7.23,0.6,20대,남성
2025-09-28,쿠빵,간편식,냉동만두,33155855,1043323,57056,23331000,10785005,3.15,5.47,0.46,20대,여성
2025-09-28,쿠빵,건강식품,프로틴바,18004487,526040,31038,15619000,26177361,2.92,5.9,1.68,30대,남성
2025-09-28,쿠빵,건강식품,오메가3,8716595,168337,5192,8710000,3374110,1.93,3.08,0.39,30대,여성
2025-09-28,쿠빵,신선식품,샐러드키트,48212712,828269,34966,32721000,71284066,1.72,4.22,2.18,40대,남성
2025-09-28,쿠빵,신선식품,프리미엄과일,33073326,1296361,99094,31869000,2869660,3.92,7.64,0.09,40대,여성
2025-09-28,네이바,간편식,즉석밥세트,22818511,550660,23730,20045000,789953,2.41,4.31,0.04,50대,남성
2025-09-28,네이바,간편식,냉동만두,13695281,301354,18012,12742000,648030,2.2,5.98,0.05,50대,여성
2025-09-28,네이바,건강식품,프로틴바,6838927,171945,8171,6192000,4679569,2.51,4.75,0.76,20대,남성
2025-09-28,네이바,건강식품,오메가3,31896550,1273695,76780,20916000,6550272,3.99,6.03,0.31,20대,여성
2025-09-28,네이바,신선식품,샐러드키트,12933395,359889,28230,8411000,30992960,2.78,7.84,3.68,30대,남성
2025-09-28,네이바,신선식품,프리미엄과일,14965556,638122,68740,15743000,2523588,4.26,10.77,0.16,30대,여성
2025-09-28,아마존,간편식,즉석밥세트,14199901,863808,97426,12607000,631621,6.08,11.28,0.05,40대,남성
2025-09-28,아마존,간편식,냉동만두,6120654,185977,18189,5864000,253359,3.04,9.78,0.04,40대,여성
2025-09-28,아마존,건강식품,프로틴바,29053758,1567671,281680,21569000,71582789,5.4,17.97,3.32,50대,남성
2025-09-28,아마존,건강식품,오메가3,8551665,454027,73273,7346000,5943425,5.31,16.14,0.81,50대,여성
2025-09-28,아마존,신선식품,샐러드키트,8063498,259337,17967,8335000,2252982,3.22,6.93,0.27,20대,남성
2025-09-28,아마존,신선식품,프리미엄과일,13738395,654033,60200,10198000,117313,4.76,9.2,0.01,20대,여성
2025-09-28,컬삼,간편식,즉석밥세트,20328461,692177,58298,21271000,4093842,3.4,8.42,0.19,30대,남성
2025-09-28,컬삼,간편식,냉동만두,7471810,176934,11777,7938000,1624254,2.37,6.66,0.2,30대,여성
2025-09-28,컬삼,건강식품,프로틴바,13818902,371104,21432,13783000,31969705,2.69,5.78,2.32,40대,남성
2025-09-28,컬삼,건강식품,오메가3,17415098,560245,32414,12630000,7526365,3.22,5.79,0.6,40대,여성
2025-09-28,컬삼,신선식품,샐러드키트,11878764,290707,18571,11776000,11723427,2.45,6.39,1.0,50대,남성
2025-09-28,컬삼,신선식품,프리미엄과일,24562011,686931,33032,18122000,658682,2.8,4.81,0.04,50대,여성
2025-09-29,쿠빵,간편식,즉석밥세트,58574655,2858016,257524,60688000,38913852,4.88,9.01,0.64,20대,남성
2025-09-29,쿠빵,간편식,냉동만두,18161796,502638,31016,19539000,8808282,2.77,6.17,0.45,20대,여성
2025-09-29,쿠빵,건강식품,프로틴바,31405875,737014,51340,29212000,51620337,2.35,6.97,1.77,30대,남성
2025-09-29,쿠빵,건강식품,오메가3,19136066,308527,10468,21660000,7330492,1.61,3.39,0.34,30대,여성
2025-09-29,쿠빵,신선식품,샐러드키트,39313329,1070122,44917,27961000,59423737,2.72,4.2,2.13,40대,남성
2025-09-29,쿠빵,신선식품,프리미엄과일,76130139,3104966,167015,51062000,4460167,4.08,5.38,0.09,40대,여성
2025-09-29,네이바,간편식,즉석밥세트,11251787,248058,12050,9524000,371862,2.2,4.86,0.04,50대,남성
2025-09-29,네이바,간편식,냉동만두,14029401,428481,18095,9586000,492635,3.05,4.22,0.05,50대,여성
2025-09-29,네이바,건강식품,프로틴바,16204890,351778,19421,15322000,11142760,2.17,5.52,0.73,20대,남성
2025-09-29,네이바,건강식품,오메가3,14478429,546706,40454,10808000,2893326,3.78,7.4,0.27,20대,여성
2025-09-29,네이바,신선식품,샐러드키트,10047842,268235,19013,11184000,47365262,2.67,7.09,4.24,30대,남성
2025-09-29,네이바,신선식품,프리미엄과일,17523560,719979,67477,13517000,2559407,4.11,9.37,0.19,30대,여성
2025-09-29,아마존,간편식,즉석밥세트,5460200,344747,39103,4795000,242351,6.31,11.34,0.05,40대,남성
2025-09-29,아마존,간편식,냉동만두,10845154,327956,29933,7318000,304115,3.02,9.13,0.04,40대,여성
2025-09-29,아마존,건강식품,프로틴바,14357170,810026,141935,15284000,53677678,5.64,17.52,3.51,50대,남성
2025-09-29,아마존,건강식품,오메가3,11230664,605098,82109,10303000,8071962,5.39,13.57,0.78,50대,여성
2025-09-29,아마존,신선식품,샐러드키트,5596125,190217,14740,4350000,1227491,3.4,7.75,0.28,20대,남성
2025-09-29,아마존,신선식품,프리미엄과일,12692749,692489,73953,11453000,129522,5.46,10.68,0.01,20대,여성
2025-09-29,컬삼,간편식,즉석밥세트,26862712,1088173,69435,19893000,3628204,4.05,6.38,0.18,30대,남성
2025-09-29,컬삼,간편식,냉동만두,12967423,342206,22342,11342000,1843545,2.64,6.53,0.16,30대,여성
2025-09-29,컬삼,건강식품,프로틴바,14943229,487431,41229,16674000,51939474,3.26,8.46,3.11,40대,남성
2025-09-29,컬삼,건강식품,오메가3,30682672,843798,67386,20550000,14304512,2.75,7.99,0.7,40대,여성
2025-09-29,컬삼,신선식품,샐러드키트,17876644,445099,28367,17258000,21477888,2.49,6.37,1.24,50대,남성
2025-09-29,컬삼,신선식품,프리미엄과일,19738697,485655,26772,14761000,543291,2.46,5.51,0.04,50대,여성
2025-09-30,쿠빵,간편식,즉석밥세트,67338983,2376224,191664,46262000,25840031,3.53,8.07,0.56,20대,남성
2025-09-30,쿠빵,간편식,냉동만두,37138777,1219965,65160,39315000,19776833,3.28,5.34,0.5,20대,여성
2025-09-30,쿠빵,건강식품,프로틴바,27425726,817302,35208,23549000,44699638,2.98,4.31,1.9,30대,남성
2025-09-30,쿠빵,건강식품,오메가3,26762544,401489,12865,20454000,7107881,1.5,3.2,0.35,30대,여성
2025-09-30,쿠빵,신선식품,샐러드키트,26202335,547199,25697,25919000,60583068,2.09,4.7,2.34,40대,남성
2025-09-30,쿠빵,신선식품,프리미엄과일,45023317,2004974,132669,50208000,5202430,4.45,6.62,0.1,40대,여성
2025-09-30,네이바,간편식,즉석밥세트,27343785,695995,37196,20708000,698452,2.55,5.34,0.03,50대,남성
2025-09-30,네이바,간편식,냉동만두,6807313,189828,10854,7229000,354209,2.79,5.72,0.05,50대,여성
2025-09-30,네이바,건강식품,프로틴바,11539803,228815,9648,7807000,6865820,1.98,4.22,0.88,20대,남성
2025-09-30,네이바,건강식품,오메가3,19808684,581974,38212,14328000,4586279,2.94,6.57,0.32,20대,여성
2025-09-30,네이바,신선식품,샐러드키트,33738842,926547,50231,24208000,79660685,2.75,5.42,3.29,30대,남성
2025-09-30,네이바,신선식품,프리미엄과일,30211796,1205651,123565,30299000,5376364,3.99,10.25,0.18,30대,여성
2025-09-30,아마존,간편식,즉석밥세트,12984138,723415,92428,9002000,462445,5.57,12.78,0.05,40대,남성
2025-09-30,아마존,간편식,냉동만두,6723538,212342,17431,4334000,188875,3.16,8.21,0.04,40대,여성
2025-09-30,아마존,건강식품,프로틴바,20412355,1432219,238219,17088000,58989896,7.02,16.63,3.45,50대,남성
2025-09-30,아마존,건강식품,오메가3,21273415,1727097,221203,17283000,13992082,8.12,12.81,0.81,50대,여성
2025-09-30,아마존,신선식품,샐러드키트,14811828,372961,30653,9968000,2749190,2.52,8.22,0.28,20대,남성
2025-09-30,아마존,신선식품,프리미엄과일,9216209,416265,48639,9310000,104144,4.52,11.68,0.01,20대,여성
2025-09-30,컬삼,간편식,즉석밥세트,18479724,756881,49299,16102000,3001321,4.1,6.51,0.19,30대,남성
2025-09-30,컬삼,간편식,냉동만두,6925854,224607,13504,6045000,1136363,3.24,6.01,0.19,30대,여성
2025-09-30,컬삼,건강식품,프로틴바,6568435,244200,18784,6182000,20209697,3.72,7.69,3.27,40대,남성
2025-09-30,컬삼,건강식품,오메가3,12146714,460041,30545,12687000,9900933,3.79,6.64,0.78,40대,여성
2025-09-30,컬삼,신선식품,샐러드키트,11071225,358709,25808,10235000,10710432,3.24,7.19,1.05,50대,남성
2025-09-30,컬삼,신선식품,프리미엄과일,14217622,488069,34545,9117000,305207,3.43,7.08,0.03,50대,여성